,,close,high,low,open,volume
IQ,3/15/2019,27.02,27.22,25.95,25.98,9512936
IQ,3/18/2019,27.42,28,26.54,27.27,9735792
IQ,3/19/2019,27.33,27.92,27.12,27.5,7295904
IQ,3/20/2019,26.41,27.15,25.36,27.03,13875382
IQ,3/21/2019,26.02,26.6597,25.87,26.06,7957377
IQ,3/22/2019,25.02,26.04,24.93,25.75,7941156
IQ,3/25/2019,24.02,24.41,23.4,24.24,13083324
IQ,3/26/2019,22.87,24.0299,22.56,23.25,23925582
IQ,3/27/2019,22.71,23.17,22.23,22.79,25571795
IQ,3/28/2019,22.72,22.92,22.47,22.71,10191434
IQ,3/29/2019,23.92,24.07,23.1,23.17,14237191
IQ,04/01/2019,24.79,25.05,24.3031,24.9,12547536
IQ,04/02/2019,24.4,24.68,24.04,24.47,7838837
IQ,04/03/2019,23.98,24.82,23.82,24.73,8913427
IQ,04/04/2019,23.48,24.2999,23,23.85,8504243
IQ,04/05/2019,23.48,23.9,23.3501,23.64,5664326
IQ,04/08/2019,23.38,23.61,22.85,23.31,4000672
IQ,04/09/2019,23.88,24.31,23.24,23.25,6804032
IQ,04/10/2019,24.13,24.14,23.5215,23.95,5833875
IQ,04/11/2019,23.32,24.15,23.19,23.89,5428869
IQ,04/12/2019,23.7,24.32,23.55,23.78,6760321
IQ,4/15/2019,22.44,23.6,22.315,23.58,9181038
IQ,4/16/2019,22.95,23.08,22.4,22.76,7404436
IQ,4/17/2019,22.9,23.22,22.62,23.16,6949753
IQ,4/18/2019,23.195,23.34,22.9703,23,5117686
IQ,4/22/2019,23.98,24.25,22.9,22.93,8402870
IQ,4/23/2019,23.8,24.33,23.5101,23.92,6264610
IQ,4/24/2019,22.82,23.77,22.5,23.76,10159487
IQ,4/25/2019,22.97,23,22.225,22.77,8216751
IQ,4/26/2019,21.9,22.6,20.89,22.54,21419455
IQ,4/29/2019,21.98,22.23,21.5,21.51,5903902
IQ,4/30/2019,22.11,22.446,21.8122,21.9,9076274
IQ,05/01/2019,22.2,22.84,21.98,22.22,8834599
IQ,05/02/2019,22.4,22.72,21.97,22.4,6450066
IQ,05/03/2019,23.01,23.14,22.3001,22.62,5978531
IQ,05/06/2019,22.42,22.48,21.7,21.82,9854608
IQ,05/07/2019,21.97,22.45,21.74,22.21,6467281
IQ,05/08/2019,21.56,22.09,21.5,21.85,7328053
IQ,05/09/2019,21.51,21.58,20.43,21.15,10062155
IQ,05/10/2019,20.96,22.0998,20.54,21.47,8135166
IQ,5/13/2019,20.01,20.37,19.98,20.07,10395347
IQ,5/14/2019,20.32,20.46,19.88,20.31,8250538
IQ,5/15/2019,20.27,20.4,19.84,20.14,8936694
TWLO,3/15/2019,129.41,130.72,127.44,129.19,3593027
TWLO,3/18/2019,129.35,133.32,127.16,131.3,3785434
TWLO,3/19/2019,130.38,131.76,128.57,130.12,3247140
TWLO,3/20/2019,130.65,132.39,127.68,130.1,2772561
TWLO,3/21/2019,135.66,136,130.02,130.18,3838373
TWLO,3/22/2019,129.53,135.7872,128.6601,135,4193933
TWLO,3/25/2019,131.55,132.89,127.27,129.52,4337133
TWLO,3/26/2019,131.87,134.85,130.47,133.51,2608140
TWLO,3/27/2019,126.48,132.5767,124.62,132.4,4029987
TWLO,3/28/2019,125.73,128.37,124.12,127.65,3610295
TWLO,3/29/2019,129.18,130.72,126.14,127.15,3286395
TWLO,04/01/2019,127.67,131.95,125.32,131.58,3895862
TWLO,04/02/2019,129.79,130,125.88,127.01,2379823
TWLO,04/03/2019,129.38,131.65,128.6,130.52,1833856
TWLO,04/04/2019,122.37,130.23,118.48,129.92,7238289
TWLO,04/05/2019,122.42,123.91,120.54,123.15,4574211
TWLO,04/08/2019,122.12,122.4,119.1,121.67,2707087
TWLO,04/09/2019,122.7,124.93,121.585,122.23,2842091
TWLO,04/10/2019,125.22,125.79,122.4301,123.44,2188756
TWLO,04/11/2019,125.7,126.47,123.1,125.8,1875911
TWLO,04/12/2019,125.72,126.75,123.5974,126.26,2454947
TWLO,4/15/2019,127.19,127.78,123.81,125.3,2375359
TWLO,4/16/2019,126.56,130.15,125.96,126.75,2843513
TWLO,4/17/2019,123.08,127.35,121.6,127.2,2732515
TWLO,4/18/2019,122.13,123,118.56,122.3,4225517
TWLO,4/22/2019,127.96,128.3,121.53,122,2723663
TWLO,4/23/2019,129.27,130.31,126.9402,129.16,2988078
TWLO,4/24/2019,129.99,131.2,128.675,130.1,2192351
TWLO,4/25/2019,132.25,134.37,129.53,131.23,2893038
TWLO,4/26/2019,134.92,135.19,131.01,133,2846216
TWLO,4/29/2019,135.99,137.4,134.34,135.9,3666530
TWLO,4/30/2019,137.14,137.19,132.01,134.1,5250281
TWLO,05/01/2019,128.57,142.2,128.2101,142.2,14134120
TWLO,05/02/2019,131.94,134.38,126.75,127.78,5990310
TWLO,05/03/2019,130.87,132.26,129.02,131.94,3793818
TWLO,05/06/2019,131.8,132.28,126.8,127.04,4062804
TWLO,05/07/2019,129.58,132.94,127.54,132.34,4567876
TWLO,05/08/2019,131.66,132.946,128.3787,129,2982738
TWLO,05/09/2019,133.13,133.25,126.82,130.68,3957837
TWLO,05/10/2019,134.28,136.34,130.1434,132.6,4840140
TWLO,5/13/2019,123.39,131.99,122.56,130.9,7305183
TWLO,5/14/2019,131.08,131.1517,124.2182,126,5825658
TWLO,5/15/2019,135.45,135.5,127.82,127.82,5056032
CRM,3/15/2019,161.51,162.18,159.19,160.64,6743790
CRM,3/18/2019,161.95,163.33,160.8799,161.4,3575800
CRM,3/19/2019,163.93,164.62,161.6,162.52,4378959
CRM,3/20/2019,163.51,164.95,161.51,163.84,4391046
CRM,3/21/2019,166.95,166.99,162.75,163.17,4277816
CRM,3/22/2019,161.5,166.49,161.35,165.96,5614288
CRM,3/25/2019,160.88,161.5988,159.2241,160.23,3795625
CRM,3/26/2019,159.4,162.07,157.39,161.43,6910264
CRM,3/27/2019,155.12,159.3,152.37,159,8218682
CRM,3/28/2019,155.18,156.48,153.51,155.69,4424829
CRM,3/29/2019,158.37,158.5,155.425,156.87,4913087
CRM,04/01/2019,161.18,161.68,158.5111,160.1,4601126
CRM,04/02/2019,160.51,160.99,158.91,160.86,3158591
CRM,04/03/2019,162.62,163.14,160.65,161.78,3819829
CRM,04/04/2019,158.52,162.8,155.83,162.71,6295218
CRM,04/05/2019,158.56,160.24,158.02,159.63,4315403
CRM,04/08/2019,158.47,158.79,156.45,158.4,2848571
CRM,04/09/2019,156.97,158.3525,156.65,157.04,5642884
CRM,04/10/2019,160.24,160.38,157.65,158.2,3414745
CRM,04/11/2019,160.73,160.83,159.02,160.16,2578390
CRM,04/12/2019,160.71,162.5,159.5,162,2844167
CRM,4/15/2019,160.09,162.031,159.49,161,2608365
CRM,4/16/2019,158.69,160.26,157.7501,160.04,3004836
CRM,4/17/2019,155.34,159.05,155.07,159.05,4765519
CRM,4/18/2019,155.99,156.2078,153.17,154.9,4391704
CRM,4/22/2019,158.76,159.14,155.28,155.45,2943629
CRM,4/23/2019,161.23,161.4,158.41,159.76,3418371
CRM,4/24/2019,159.56,162.49,159.4,161.88,3384945
CRM,4/25/2019,163.09,163.89,161,162,5498432
CRM,4/26/2019,165.96,166.06,161.28,162.42,3343064
CRM,4/29/2019,165.36,167.56,165.33,166.71,4509669
CRM,4/30/2019,165.35,166.44,163.62,165.19,3581801
CRM,05/01/2019,162.15,166.22,162.14,166.01,2707730
CRM,05/02/2019,161.83,162.7,159.63,161.69,3181073
CRM,05/03/2019,163.34,163.5,160.86,162.58,3131437
CRM,05/06/2019,162.5,162.84,157.86,158.62,2520943
CRM,05/07/2019,156.9,161.67,154.75,161.33,6541888
CRM,05/08/2019,156.86,157.93,155.04,157.11,4061339
CRM,05/09/2019,156.31,157.1,152.3888,154.65,5809346
CRM,05/10/2019,159.94,160.614,154.38,156.28,4462213
CRM,5/13/2019,153.15,156.9,152.78,154.92,5694582
CRM,5/14/2019,158.07,158.59,152.92,155.05,4954034
CRM,5/15/2019,155.06,156.38,151.7,153.82,7783774
INFN,3/15/2019,4.77,4.93,4.75,4.77,3966980
INFN,3/18/2019,4.79,4.87,4.72,4.77,2666774
INFN,3/19/2019,4.69,4.82,4.65,4.81,2911613
INFN,3/20/2019,4.53,4.65,4.51,4.64,3336881
INFN,3/21/2019,4.52,4.59,4.465,4.51,1898428
INFN,3/22/2019,4.32,4.54,4.24,4.49,5058325
INFN,3/25/2019,4.35,4.36,4.19,4.31,4527332
INFN,3/26/2019,4.32,4.39,4.2,4.37,3008287
INFN,3/27/2019,4.23,4.4,4.21,4.33,2396732
INFN,3/28/2019,4.31,4.34,4.21,4.23,3434015
INFN,3/29/2019,4.34,4.37,4.24,4.36,1904506
INFN,04/01/2019,4.52,4.54,4.3,4.36,2341304
INFN,04/02/2019,4.56,4.64,4.51,4.51,2254401
INFN,04/03/2019,4.64,4.76,4.61,4.62,1490091
INFN,04/04/2019,4.72,4.77,4.61,4.63,1424447
INFN,04/05/2019,4.69,4.79,4.66,4.74,1225099
INFN,04/08/2019,4.73,4.73,4.615,4.66,1116895
INFN,04/09/2019,4.68,4.76,4.64,4.7,1533204
INFN,04/10/2019,4.75,4.76,4.64,4.66,1176499
INFN,04/11/2019,4.71,4.78,4.655,4.77,884140
INFN,04/12/2019,4.91,4.94,4.5316,4.56,3584361
INFN,4/15/2019,5.03,5.08,4.86,4.93,2115295
INFN,4/16/2019,5,5.04,4.79,5.02,2442619
INFN,4/17/2019,4.99,5.125,4.9,5.04,3107752
INFN,4/18/2019,4.84,5.04,4.82,4.98,2171433
INFN,4/22/2019,4.71,4.85,4.685,4.82,2297441
INFN,4/23/2019,4.64,4.74,4.62,4.71,2034445
INFN,4/24/2019,4.55,4.67,4.53,4.64,1670993
INFN,4/25/2019,4.42,4.525,4.33,4.52,2814306
INFN,4/26/2019,4.29,4.42,4.27,4.41,2861540
INFN,4/29/2019,4.37,4.47,4.27,4.32,3070303
INFN,4/30/2019,4.34,4.375,4.2,4.34,3110930
INFN,05/01/2019,4.32,4.49,4.3,4.35,1996454
INFN,05/02/2019,4.31,4.405,4.245,4.32,1251615
INFN,05/03/2019,4.43,4.44,4.26,4.32,2507931
INFN,05/06/2019,4.41,4.43,4.16,4.28,4795300
INFN,05/07/2019,4.25,4.4325,4.23,4.41,3206956
INFN,05/08/2019,4.42,4.52,4.18,4.26,4917725
INFN,05/09/2019,3.24,3.7,3.11,3.66,15665047
INFN,05/10/2019,3.24,3.27,3.1,3.27,3940551
INFN,5/13/2019,3.16,3.255,3.125,3.18,3256154
INFN,5/14/2019,3.13,3.2,3.08,3.17,4683772
INFN,5/15/2019,3.2,3.37,3.195,3.2,3434019
XLNX,3/15/2019,123.7641,124.9053,122.6727,123.0365,5504822
XLNX,3/18/2019,124.8705,125.4984,123.8139,123.8139,3114550
XLNX,3/19/2019,126.6446,126.8739,125.2392,125.6878,2674077
XLNX,3/20/2019,125.8971,127.3879,125.319,125.7276,2682927
XLNX,3/21/2019,129.6249,130.1432,125.7775,126.1164,3839079
XLNX,3/22/2019,126.4752,129.5352,125.7974,129.3857,3047852
XLNX,3/25/2019,123.7242,125.8373,122.0497,125.7575,3914570
XLNX,3/26/2019,126.216,126.7044,124.9701,125.2392,2544339
XLNX,3/27/2019,124.7309,126.9337,123.3853,126.5848,2101354
XLNX,3/28/2019,126.1562,127.6513,125.0897,125.4984,2513572
XLNX,3/29/2019,126.3755,128.797,125.4984,128.2294,4083013
XLNX,04/01/2019,129.3059,129.5451,127.8806,128.4587,3872696
XLNX,04/02/2019,128.668,129.8449,128.0002,129.575,2668617
XLNX,04/03/2019,128.1497,130.2202,127.1031,129.6847,3458735
XLNX,04/04/2019,127.4022,129.4085,126.4054,128.2892,2798477
XLNX,04/05/2019,128.658,128.987,127.5317,128.3889,2003870
XLNX,04/08/2019,129.4754,129.585,126.9337,128.6481,2128514
XLNX,04/09/2019,128.5085,129.7245,127.2427,128.8773,2641255
XLNX,04/10/2019,131.1598,132.635,128.6182,128.987,4153656
XLNX,04/11/2019,131.6383,132.0779,130.2019,130.9804,1663532
XLNX,04/12/2019,133.9706,134.0404,132.0669,132.6649,3030539
XLNX,4/15/2019,133.6218,134.9374,133.0138,133.9706,2771478
XLNX,4/16/2019,134.5387,135.3062,132.9539,134.2896,3051682
XLNX,4/17/2019,135.376,136.7814,134.2198,135.5554,2539533
XLNX,4/18/2019,134.5088,135.9392,132.4935,135.5554,4030901
XLNX,4/22/2019,134.0005,135.2463,132.944,134.5587,1984427
XLNX,4/23/2019,136.7017,137.0106,134.3095,134.5587,3455231
XLNX,4/24/2019,139.2633,141.1371,136.3628,137.0007,8556397
XLNX,4/25/2019,115.4813,126.1861,114.8732,125.937,24053879
XLNX,4/26/2019,118.5412,118.91,109.9494,115.1424,14285616
XLNX,4/29/2019,116.6973,118.5412,115.4613,118.1625,5266296
XLNX,4/30/2019,119.7473,120.0263,116.6175,116.7471,4739424
XLNX,05/01/2019,116.2587,121.352,116.0594,120.6045,4833518
XLNX,05/02/2019,118.5113,119.1991,115.9697,116.2587,3503150
XLNX,05/03/2019,118.6309,119.4881,117.5086,119.3585,3255708
XLNX,05/06/2019,118.4216,118.4814,113.3183,114.6241,3316829
XLNX,05/07/2019,117.4249,119.0047,116.0921,117.5146,5389978
XLNX,05/08/2019,117.3053,118.92,116.3285,117.4249,3223174
XLNX,05/09/2019,116.3185,117.3651,114.2254,115.6009,3565387
XLNX,05/10/2019,116.5378,118.7256,114.7536,116.0594,3770369
XLNX,5/13/2019,110.2783,114.0759,109.4211,113.5177,5779049
XLNX,5/14/2019,112.81,113.5775,111.1953,111.6737,3411738
XLNX,5/15/2019,114.45,115.65,111.31,111.52,3902007
MCHP,3/15/2019,86.1,86.89,84.34,84.69,3015117
MCHP,3/18/2019,85.33,86.435,84.76,85.95,2291928
MCHP,3/19/2019,86.1,86.335,85.45,85.7,1707246
MCHP,3/20/2019,84.28,86.72,83.67,86.26,1607400
MCHP,3/21/2019,87.38,87.69,84.22,84.22,1733222
MCHP,3/22/2019,85.42,87.35,85.4,86.71,2017324
MCHP,3/25/2019,83.82,85.26,83.01,84.88,1926270
MCHP,3/26/2019,84.25,85.41,83.79,84.66,1301066
MCHP,3/27/2019,81.37,84.71,81.15,84.3,3455794
MCHP,3/28/2019,81.15,82.39,80.03,81.55,2993848
MCHP,3/29/2019,82.96,83.24,81.95,82.07,2613231
MCHP,04/01/2019,87.46,87.63,84.11,84.14,4111511
MCHP,04/02/2019,87.72,87.865,86.51,87.43,4064902
MCHP,04/03/2019,90.3,91.36,88.6501,89.53,4248425
MCHP,04/04/2019,91.27,91.69,90.19,90.24,3506631
MCHP,04/05/2019,92.92,93.2,91.32,91.57,2874307
MCHP,04/08/2019,94.06,94.238,91.95,92.9,2774218
MCHP,04/09/2019,92.9,93.76,92.56,93.66,2481780
MCHP,04/10/2019,94.25,94.45,92.25,92.87,2255700
MCHP,04/11/2019,93.97,94.39,93.02,94.09,1885702
MCHP,04/12/2019,95.36,95.89,94.64,95.38,2087604
MCHP,4/15/2019,95.6,96.06,94.76,95.33,3185607
MCHP,4/16/2019,97.77,97.88,96.08,96.14,4933233
MCHP,4/17/2019,99.27,100.28,97.05,100.28,4527267
MCHP,4/18/2019,98.71,99.895,98.02,99.73,2411784
MCHP,4/22/2019,97.6,98.72,97.48,98.45,2524074
MCHP,4/23/2019,98.16,99.245,97.56,97.72,2304311
MCHP,4/24/2019,98.84,99.97,97.43,97.47,2262156
MCHP,4/25/2019,97.48,98.284,95.595,97.51,2217575
MCHP,4/26/2019,98.41,98.47,95.09,96,1478583
MCHP,4/29/2019,98.72,99.28,98.15,98.25,1295014
MCHP,4/30/2019,99.89,100.02,98.56,99.8,1967356
MCHP,05/01/2019,98.96,101.16,98.89,100.67,2596984
MCHP,05/02/2019,100.12,101.35,98.12,98.96,1963832
MCHP,05/03/2019,100.75,100.85,99.52,100.67,1377193
MCHP,05/06/2019,96.98,97.38,95.89,96.73,3766227
MCHP,05/07/2019,94.15,95.79,92.7,95.75,5712406
MCHP,05/08/2019,91.54,94.06,89.75,89.95,4226335
MCHP,05/09/2019,89.38,90.12,86.77,89.57,4517608
MCHP,05/10/2019,89.24,89.95,86.96,89.36,3322803
MCHP,5/13/2019,83.61,86.66,82.9,85.73,4840131
MCHP,5/14/2019,84.66,85,83.5,84.21,4228465
MCHP,5/15/2019,85.8,86.45,83.42,83.71,3396108
PAGS,3/15/2019,28.46,28.73,28.03,28.62,1567057
PAGS,3/18/2019,28.84,28.98,28.19,28.81,1089307
PAGS,3/19/2019,30.16,31.5,30,30,4341074
PAGS,3/20/2019,30.09,30.295,29.4,30.21,1983539
PAGS,3/21/2019,30.78,30.93,29.96,30,1874496
PAGS,3/22/2019,29.59,30.235,29.12,29.68,1749157
PAGS,3/25/2019,28.91,29.4,27.74,29.4,2738876
PAGS,3/26/2019,30.4,30.42,29.34,29.52,1638711
PAGS,3/27/2019,30.61,31.64,30.35,30.84,3277257
PAGS,3/28/2019,30.25,30.84,29.985,30.84,2281817
PAGS,3/29/2019,29.85,30.81,29.78,30.81,1743143
PAGS,04/01/2019,30.31,30.92,29.88,30.45,4188672
PAGS,04/02/2019,29.93,30.54,29.53,30.31,1972022
PAGS,04/03/2019,30.25,31,29.44,29.44,3045971
PAGS,04/04/2019,29.23,30.39,28.78,30.39,2562079
PAGS,04/05/2019,29.03,29.64,28.83,29.32,2486280
PAGS,04/08/2019,28.93,29,28.25,28.73,1602401
PAGS,04/09/2019,28.76,29.24,28.5,28.71,922905
PAGS,04/10/2019,29.1,29.18,28.52,28.7,1500487
PAGS,04/11/2019,28.63,29.24,28.44,29.14,1070258
PAGS,04/12/2019,28.47,28.8916,28.32,28.49,1038321
PAGS,4/15/2019,28.49,28.88,28.12,28.55,784064
PAGS,4/16/2019,28.52,28.84,28.31,28.66,780694
PAGS,4/17/2019,28.03,28.92,27.99,28.77,972140
PAGS,4/18/2019,25.3,26.18,24.26,25.48,13052106
PAGS,4/22/2019,25.68,26.05,24.9501,25.31,2663026
PAGS,4/23/2019,26.31,26.36,25.46,25.74,1741071
PAGS,4/24/2019,26.44,26.62,25.82,26.45,3867744
PAGS,4/25/2019,26.55,26.86,26.04,26.45,1624360
PAGS,4/26/2019,26.59,26.81,25.91,26.43,2714593
PAGS,4/29/2019,26.37,26.72,25.96,26.72,1583610
PAGS,4/30/2019,26.06,26.6,25.95,26.27,1612913
PAGS,05/01/2019,25.97,26.57,25.93,26.18,961488
PAGS,05/02/2019,25.86,26.53,25.59,25.88,1441519
PAGS,05/03/2019,27.15,27.31,25.96,26.06,1507344
PAGS,05/06/2019,27.39,27.61,26.29,26.34,1037324
PAGS,05/07/2019,27.15,27.24,26.69,27.01,997424
PAGS,05/08/2019,27.22,27.57,26.76,26.86,1917483
PAGS,05/09/2019,27.38,27.5075,26.11,26.58,1725754
PAGS,05/10/2019,27.51,27.91,26.88,27.38,2128387
PAGS,5/13/2019,25.91,27.26,25.68,26.76,3494917
PAGS,5/14/2019,25.69,26.87,25.69,26.35,3289260
PAGS,5/15/2019,28.1,28.36,25.74,26.39,4820863
ADBE,3/15/2019,257.09,260,252.03,258.03,12110485
ADBE,3/18/2019,257.76,259.96,253.8901,257.11,4013389
ADBE,3/19/2019,260.42,260.64,256.34,259.43,4257338
ADBE,3/20/2019,259.74,262.3,256.17,260.54,3732580
ADBE,3/21/2019,264.18,264.34,258.4,259,2359850
ADBE,3/22/2019,259.69,264.64,259.52,263.47,3454012
ADBE,3/25/2019,262.27,263.12,257.1,259.21,2639365
ADBE,3/26/2019,265.59,267.74,263.84,265.05,3150072
ADBE,3/27/2019,262.34,265.9731,259.04,265.53,2521923
ADBE,3/28/2019,263.53,265.1699,260.88,263.5,2017976
ADBE,3/29/2019,266.49,266.75,264.2,265.47,2097589
ADBE,04/01/2019,272.17,272.385,268.19,269.85,2970213
ADBE,04/02/2019,271.35,273,267.63,272.89,1877939
ADBE,04/03/2019,271.5,274.18,270.975,273.71,2432780
ADBE,04/04/2019,267.89,271.47,263.72,270.98,2947386
ADBE,04/05/2019,267.45,269.94,266.59,269.44,1970627
ADBE,04/08/2019,268.81,269.09,264.7,266.96,1796796
ADBE,04/09/2019,268.99,269.99,266.8,267.12,1605892
ADBE,04/10/2019,271.58,272.16,269.01,269.47,1469979
ADBE,04/11/2019,271.9,272.92,270.77,271.95,2085789
ADBE,04/12/2019,271.86,273.51,270.82,273.01,1681371
ADBE,4/15/2019,272.22,273.71,270.62,271.86,1462311
ADBE,4/16/2019,271.43,273.39,269.64,273.07,1638464
ADBE,4/17/2019,269.45,272.665,268.44,272.17,2391518
ADBE,4/18/2019,270.57,270.82,266.64,270.09,2028988
ADBE,4/22/2019,272.21,272.32,269.2033,269.82,1364952
ADBE,4/23/2019,278.49,278.89,271.59,272.54,2693942
ADBE,4/24/2019,275.45,280.17,275.25,279.22,1867555
ADBE,4/25/2019,277.66,279.52,274.3785,278.4,1747300
ADBE,4/26/2019,281.96,282,275.79,278.18,2114205
ADBE,4/29/2019,286.14,291.705,285.38,286.46,5592372
ADBE,4/30/2019,289.25,289.77,285.25,286.1,3067976
ADBE,05/01/2019,283.35,291,283.19,291,2056176
ADBE,05/02/2019,279.64,284.59,278.15,283.14,2482283
ADBE,05/03/2019,285.58,286.35,282.39,282.56,1979920
ADBE,05/06/2019,283.66,284.2165,275.81,277.6,1994477
ADBE,05/07/2019,277.07,280.65,273.67,278.82,2567977
ADBE,05/08/2019,276.77,278.37,274.16,275.83,2611043
ADBE,05/09/2019,275.79,277.12,270.7975,274.16,1867193
ADBE,05/10/2019,278.48,279.5,270.32,273.58,2097736
ADBE,5/13/2019,267.7,274.19,267.22,270.565,2698322
ADBE,5/14/2019,271.86,274.23,269.29,269.43,2046551
ADBE,5/15/2019,276.82,276.95,269.5,269.82,2708559
QTT,3/15/2019,15.63,15.63,13.5,13.75,2110857
QTT,3/18/2019,13.57,18,13.42,16.58,3478623
QTT,3/19/2019,14.16,15.5,13.63,14.37,1723498
QTT,3/20/2019,13.47,14.38,13.4,14.32,1401712
QTT,3/21/2019,13.44,13.59,12.97,13.31,667698
QTT,3/22/2019,12.58,13.95,12.34,13.24,1254636
QTT,3/25/2019,13.44,13.55,12.41,12.5,944393
QTT,3/26/2019,11.51,13.5668,11.38,13.37,3474819
QTT,3/27/2019,11.49,11.7228,11.16,11.59,619546
QTT,3/28/2019,11.45,12.3113,11.35,12.25,2043281
QTT,3/29/2019,11.57,11.91,11.45,11.84,1293214
QTT,04/01/2019,10.56,11.7119,10.37,11.48,2366201
QTT,04/02/2019,10.88,10.98,10.57,10.61,1188357
QTT,04/03/2019,10,10.25,9.6,10.13,13161784
QTT,04/04/2019,9.5,10.19,9.08,10.15,5336967
QTT,04/05/2019,9.39,9.6,9.21,9.59,1176937
QTT,04/08/2019,8.95,9.3668,8.75,9.35,2956874
QTT,04/09/2019,8.9,9.1,8.55,8.8,3031602
QTT,04/10/2019,9.08,9.17,8.84,8.89,1881127
QTT,04/11/2019,8.98,9.15,8.83,9.07,1068573
QTT,04/12/2019,8.82,9.18,8.66,9.05,1435410
QTT,4/15/2019,8.74,8.91,8.36,8.77,2532747
QTT,4/16/2019,8.94,9.42,8.82,9.2,2802984
QTT,4/17/2019,9,9.14,8.87,8.93,1456193
QTT,4/18/2019,9,9.17,8.9109,9.02,1103896
QTT,4/22/2019,9,9.085,8.71,8.95,1099287
QTT,4/23/2019,9,9.11,8.9,9,790398
QTT,4/24/2019,8.92,9.0474,8.9,8.98,1338199
QTT,4/25/2019,8.45,8.88,8.11,8.88,2099406
QTT,4/26/2019,7.7,8.41,7.66,8.41,2706110
QTT,4/29/2019,7.18,7.8,7.15,7.68,2338317
QTT,4/30/2019,6.62,7.16,6.455,7.11,3027418
QTT,05/01/2019,6.79,7.16,6.62,6.62,1637643
QTT,05/02/2019,7.16,7.32,6.72,6.84,1596582
QTT,05/03/2019,7.42,7.57,7.18,7.33,1282240
QTT,05/06/2019,6.81,7.25,6.63,6.99,3100669
QTT,05/07/2019,6.24,6.81,6.18,6.81,1381081
QTT,05/08/2019,6.31,6.42,6.05,6.27,1649027
QTT,05/09/2019,6.11,6.22,5.91,6.15,1912003
QTT,05/10/2019,5.83,6.2012,5.64,6.2,2012873
QTT,5/13/2019,5.9,5.96,5.4,5.59,1935889
QTT,5/14/2019,6.05,6.41,5.76,5.98,1977557
QTT,5/15/2019,5.89,6.05,5.81,5.99,1357739
SHOP,3/15/2019,205.98,209.41,203.6198,208.87,2337628
SHOP,3/18/2019,205.77,205.92,201.45,204.5,1248797
SHOP,3/19/2019,202.09,208,197.6528,207.7,2215400
SHOP,3/20/2019,201.34,203.1,198.73,200.53,1401642
SHOP,3/21/2019,205,205.1999,198.815,200.32,1721076
SHOP,3/22/2019,198.75,204.69,198.61,204.4,1530089
SHOP,3/25/2019,201.45,202.7499,196.47,198.05,1257642
SHOP,3/26/2019,204.37,207.41,202.73,203.63,1165975
SHOP,3/27/2019,200.08,205.72,196.61,205.66,1020415
SHOP,3/28/2019,203.45,203.75,197,200.83,1119737
SHOP,3/29/2019,206.62,207.5,203.19,205.88,810360
SHOP,04/01/2019,206.04,210.1,203.12,208.43,1103231
SHOP,04/02/2019,201.46,206.05,198.45,205.6,2454856
SHOP,04/03/2019,205.12,205.8,198.89,201.98,2011024
SHOP,04/04/2019,194.75,205.01,190.38,204.54,4764819
SHOP,04/05/2019,196.65,198.02,194.89,195.59,1489933
SHOP,04/08/2019,200.24,200.89,195.32,196.65,1291294
SHOP,04/09/2019,203.96,204.22,197.3406,198.26,1248203
SHOP,04/10/2019,206.5,207.44,202.51,204.36,880257
SHOP,04/11/2019,210.99,211.54,206.31,207.58,1334716
SHOP,04/12/2019,214.83,214.93,212.11,212.82,1196951
SHOP,4/15/2019,218.03,219.9,213.62,214.83,1759760
SHOP,4/16/2019,215.4,221.82,213.61,219.78,1338197
SHOP,4/17/2019,217.05,218.3304,211.31,216.8,1064181
SHOP,4/18/2019,220.72,220.78,213.13,217.13,1287694
SHOP,4/22/2019,224.29,225.99,219.17,220,1316576
SHOP,4/23/2019,223.44,227.39,222.1,226.5,1881306
SHOP,4/24/2019,219.81,224.6,218.6236,224.6,2023317
SHOP,4/25/2019,218.97,222.19,216.62,220.69,1667464
SHOP,4/26/2019,222.28,225.18,219,219,1388701
SHOP,4/29/2019,225.79,228.7402,223.53,225.33,1940327
SHOP,4/30/2019,243.53,247.5,226.44,226.44,6223409
SHOP,05/01/2019,245.16,252.3015,237.39,242.85,3186659
SHOP,05/02/2019,255.54,260.82,245.5,245.88,4054159
SHOP,05/03/2019,264.03,266.4,254.79,259,3349941
SHOP,05/06/2019,265.52,266.72,255.12,257.2,2916946
SHOP,05/07/2019,258.69,266.5,254.7,264.36,2589364
SHOP,05/08/2019,261.51,264.62,257.51,258.7,1847475
SHOP,05/09/2019,260.62,261.3595,254.12,258.88,1831284
SHOP,05/10/2019,258.83,262.99,252.64,260.43,1675280
SHOP,5/13/2019,250.79,253.0634,245.62,247.91,1938822
SHOP,5/14/2019,253.15,254.02,242.23,245,2097137
SHOP,5/15/2019,264.16,265.42,250.04,250.61,1931635
CARG,3/15/2019,38.52,39.39,38.4,38.99,1172404
CARG,3/18/2019,39.2,40.91,38.94,39.41,1145825
CARG,3/19/2019,39.2,39.6,37.76,39.12,882593
CARG,3/20/2019,39.19,39.94,38.71,39.06,415777
CARG,3/21/2019,39.14,40.03,38.64,38.99,419367
CARG,3/22/2019,37.55,39.03,37.4,38.87,1005922
CARG,3/25/2019,38.05,38.705,37.42,37.56,720514
CARG,3/26/2019,38.99,39.04,38.19,38.34,542764
CARG,3/27/2019,38.71,39.55,38.505,39,547485
CARG,3/28/2019,38.81,39.27,38.31,38.85,425192
CARG,3/29/2019,40.06,40.25,39,39.35,750842
CARG,04/01/2019,39.9,41.0867,39.63,40.39,745810
CARG,04/02/2019,40.8,40.94,39.19,40,676397
CARG,04/03/2019,41.28,41.55,40.4,41.08,606340
CARG,04/04/2019,41.24,41.9,40.44,41.48,949313
CARG,04/05/2019,41.45,41.8,40.7,41.31,1111193
CARG,04/08/2019,39.81,41.29,39.76,41.29,642077
CARG,04/09/2019,39.35,39.74,38.74,39.74,574042
CARG,04/10/2019,39.74,39.76,38.94,39.24,534928
CARG,04/11/2019,39.8,40.55,39.47,39.75,588261
CARG,04/12/2019,40.99,41.04,39.58,40.06,486509
CARG,4/15/2019,41,41.55,40.44,41.04,433890
CARG,4/16/2019,37.62,41.28,37.55,41.28,2305595
CARG,4/17/2019,36.41,38.31,33.78,37.51,3405792
CARG,4/18/2019,36.3,36.6,35.795,36.29,1521696
CARG,4/22/2019,36.36,37.41,36.145,36.17,1100730
CARG,4/23/2019,36.67,36.91,36.21,36.47,838660
CARG,4/24/2019,37.64,37.86,36.81,36.81,770829
CARG,4/25/2019,37.97,38.36,37.53,37.74,606348
CARG,4/26/2019,39.3,39.44,37.9904,38.5,562671
CARG,4/29/2019,40.17,40.35,39.08,39.36,466213
CARG,4/30/2019,40.74,41.06,39.89,40.21,771944
CARG,05/01/2019,39.98,40.81,39.67,40.81,659770
CARG,05/02/2019,39.89,40.46,39.04,39.88,456417
CARG,05/03/2019,40.76,41.35,39.74,40.08,620390
CARG,05/06/2019,40.6,41.05,39.29,39.88,584913
CARG,05/07/2019,40.05,40.77,39.5,40.16,551391
CARG,05/08/2019,40.05,40.78,39.85,40,536867
CARG,05/09/2019,39.96,40.77,39.31,39.7,891380
CARG,05/10/2019,39.25,42.82,37.21,42.3,3339178
CARG,5/13/2019,38.35,39.31,37.8,38.36,960112
CARG,5/14/2019,38.92,39.59,38.4275,38.5,701758
CARG,5/15/2019,36.56,38.84,36.25,38.52,1792999
ZEN,3/15/2019,82.6,83.59,82.05,82.73,1955088
ZEN,3/18/2019,82.92,83.5,81.2974,82.6,1979243
ZEN,3/19/2019,83.88,84.56,82.51,83.41,1534512
ZEN,3/20/2019,84.02,84.95,82.77,83.54,1545096
ZEN,3/21/2019,85.64,86.13,83.785,83.8,1324992
ZEN,3/22/2019,82.82,85,81.8326,84.94,1590277
ZEN,3/25/2019,82.72,83.16,81.325,82.11,2026239
ZEN,3/26/2019,84.18,84.87,83.2001,83.93,1025190
ZEN,3/27/2019,82.41,84.5,80.91,84.27,1361417
ZEN,3/28/2019,83.32,83.6803,81.86,82.77,826326
ZEN,3/29/2019,85,85.5,83.416,84.13,1002112
ZEN,04/01/2019,85.33,86.479,83.66,86.01,1119081
ZEN,04/02/2019,86.27,86.485,84.55,85.38,886782
ZEN,04/03/2019,85.43,86.85,85.26,86.58,1146060
ZEN,04/04/2019,82.1,85.69,80.15,85.48,2008527
ZEN,04/05/2019,81.71,82.89,81.12,82.53,1797124
ZEN,04/08/2019,81.79,82.28,79.7,81.55,965076
ZEN,04/09/2019,82.6,83.06,81.2,81.2,1225110
ZEN,04/10/2019,83.34,84.91,82.63,83.09,1597257
ZEN,04/11/2019,83.89,84.0152,82.64,83.43,1053665
ZEN,04/12/2019,83.2,84.51,82.4,84.48,590325
ZEN,4/15/2019,83.22,84.12,82.7,83,1439231
ZEN,4/16/2019,81.97,83.88,81.31,83.66,1544159
ZEN,4/17/2019,80.7,82.55,79.26,82.09,1821872
ZEN,4/18/2019,80.9,81.21,78.43,80,1484317
ZEN,4/22/2019,82.58,82.71,80.255,80.87,769337
ZEN,4/23/2019,83.48,83.8743,82.81,82.92,1211840
ZEN,4/24/2019,82.96,84.84,82.67,84.35,2300561
ZEN,4/25/2019,84.53,86.09,83.25,84.01,1756042
ZEN,4/26/2019,85.77,86.04,84.21,84.69,1035693
ZEN,4/29/2019,87.55,87.725,86,86.44,2065088
ZEN,4/30/2019,87.78,87.92,86.0001,87.49,2122595
ZEN,05/01/2019,84.77,85.92,83.485,85.25,3913033
ZEN,05/02/2019,83.65,84.96,81.61,84.65,2015860
ZEN,05/03/2019,86.95,87.09,83.4,84.47,1888221
ZEN,05/06/2019,87.81,87.89,83.52,84.64,2122149
ZEN,05/07/2019,85.25,87.31,83.93,86.96,1914543
ZEN,05/08/2019,86.18,86.57,84.54,85.05,858731
ZEN,05/09/2019,87.26,87.74,84.385,85.27,1572302
ZEN,05/10/2019,88.58,89.07,85.5643,86.75,1178216
ZEN,5/13/2019,83.89,86.22,82.24,86.22,1882377
ZEN,5/14/2019,85.49,85.95,83.66,84.68,1573720
ZEN,5/15/2019,86.67,87.36,84.23,84.24,1601299
YNDX,3/15/2019,35.98,36.32,35.64,35.81,3355381
YNDX,3/18/2019,35.97,36.79,35.61,36.76,2409952
YNDX,3/19/2019,35.93,36.23,35.76,36.11,2377054
YNDX,3/20/2019,35.76,36.1309,35.28,36.13,3576849
YNDX,3/21/2019,35.88,36.01,35.11,36,2443279
YNDX,3/22/2019,35.31,35.79,34.825,35.5,1935964
YNDX,3/25/2019,35.73,36.02,35.2025,35.26,2594280
YNDX,3/26/2019,35.59,36.065,35.42,36.03,1572154
YNDX,3/27/2019,34.84,35.67,34.68,35.51,1872661
YNDX,3/28/2019,35.6,35.975,34.49,34.86,3100082
YNDX,3/29/2019,34.34,35.83,34.14,35.75,6168819
YNDX,04/01/2019,33.97,34.84,33.67,34.72,4177441
YNDX,04/02/2019,34.93,34.9625,33.91,33.91,5039881
YNDX,04/03/2019,34.77,35.035,34.56,34.81,1613915
YNDX,04/04/2019,34.64,35.12,34.51,34.75,1941208
YNDX,04/05/2019,35.21,35.325,34.64,34.79,2148263
YNDX,04/08/2019,35.75,35.79,35.07,35.2,2003196
YNDX,04/09/2019,35.98,36.29,35.72,35.72,1947521
YNDX,04/10/2019,37.45,37.65,35.96,36.05,4067110
YNDX,04/11/2019,37.8,37.97,37.13,37.21,2335518
YNDX,04/12/2019,38.9,38.995,37.7,37.91,3670623
YNDX,4/15/2019,39,39.03,38,38.4,3835512
YNDX,4/16/2019,38.83,39.02,38.63,38.85,1920044
YNDX,4/17/2019,38.2,39.37,38.07,39.04,3719019
YNDX,4/18/2019,37.34,38.17,37.21,38.12,3590525
YNDX,4/22/2019,37.44,37.67,37.41,37.59,1974895
YNDX,4/23/2019,37.81,38.03,37.47,37.52,4087188
YNDX,4/24/2019,37.62,37.68,37.22,37.6,2651975
YNDX,4/25/2019,37.12,38.07,36.02,38,3460191
YNDX,4/26/2019,36.69,37.18,36.49,37.15,1862038
YNDX,4/29/2019,37.32,37.57,36.91,37.02,2284284
YNDX,4/30/2019,37.43,37.47,36.83,37.17,2654940
YNDX,05/01/2019,38.08,38.645,37.45,37.53,2850906
YNDX,05/02/2019,36.5,37.93,36.35,37.82,3678386
YNDX,05/03/2019,37.24,37.25,36.71,36.87,2063023
YNDX,05/06/2019,36.99,37.2,35.96,36.22,1928813
YNDX,05/07/2019,36.32,36.86,36.12,36.69,884238
YNDX,05/08/2019,36.5,36.63,36.13,36.33,2177147
YNDX,05/09/2019,36.46,36.76,35.62,36.22,1966120
YNDX,05/10/2019,36.25,36.47,35.625,36.31,2337791
YNDX,5/13/2019,34.83,35.83,34.715,35.59,2689703
YNDX,5/14/2019,35.07,35.39,34.82,35.23,1496968
YNDX,5/15/2019,36.31,36.31,34.7,34.75,2563278
CYBR,3/15/2019,111.18,113.415,111.04,113,932470
CYBR,3/18/2019,112.31,114.28,111.5,111.92,1144370
CYBR,3/19/2019,114.46,114.95,112.62,113.87,636358
CYBR,3/20/2019,113.68,114.82,112.26,114,617835
CYBR,3/21/2019,117.58,117.98,112.8548,113.24,699918
CYBR,3/22/2019,113.19,117.85,112.62,117.59,1073404
CYBR,3/25/2019,112.83,113.65,108.35,112.44,964847
CYBR,3/26/2019,116.03,116.892,113.77,114.39,890301
CYBR,3/27/2019,113.7,117.3899,111.11,116.61,2621586
CYBR,3/28/2019,115.95,116.1,113.0001,114,531259
CYBR,3/29/2019,119.05,119.4,115.92,116.79,777372
CYBR,04/01/2019,119.34,121.95,117.26,121,642535
CYBR,04/02/2019,119.57,120.69,118.1594,119.3,752979
CYBR,04/03/2019,120.19,121.77,119.005,120.3,465027
CYBR,04/04/2019,114.22,120.19,112.34,119.8,1491363
CYBR,04/05/2019,114.42,116.0799,113.87,114.81,1850329
CYBR,04/08/2019,117.03,117.18,111.25,114.42,797390
CYBR,04/09/2019,118.38,118.9,116.34,116.49,595264
CYBR,04/10/2019,121.02,121.14,118.01,118.63,508085
CYBR,04/11/2019,119.54,121.75,119.345,121.66,457959
CYBR,04/12/2019,121.41,122.1,119.01,119.91,670039
CYBR,4/15/2019,121.89,124.59,121.31,121.4,738454
CYBR,4/16/2019,123.7,125.2,122.51,123.08,1043499
CYBR,4/17/2019,121.26,125.13,118.33,124.82,1060707
CYBR,4/18/2019,117.73,121.27,116.33,121.26,1163842
CYBR,4/22/2019,121.92,122.13,117.0005,117.8,599067
CYBR,4/23/2019,126.02,126.45,121.54,122.06,1209290
CYBR,4/24/2019,125.63,127.02,124.22,125.9,575922
CYBR,4/25/2019,124.73,127.23,124.14,124.5,592970
CYBR,4/26/2019,127.57,127.65,123.75,125,485095
CYBR,4/29/2019,129.26,129.74,127.8095,128.13,527541
CYBR,4/30/2019,128.93,129.93,127.5,129.14,472871
CYBR,05/01/2019,127.01,129.5426,126.5,129.38,404301
CYBR,05/02/2019,127.93,129.48,126.0101,126.89,471851
CYBR,05/03/2019,128.98,129.49,126.6301,128.22,476052
CYBR,05/06/2019,129.22,129.58,124.07,126.3,675635
CYBR,05/07/2019,127.63,129.52,125.85,128.15,597364
CYBR,05/08/2019,128.37,129.19,126.07,126.39,463028
CYBR,05/09/2019,126.62,128,122.05,125.74,715592
CYBR,05/10/2019,125.74,127.08,122.68,125.77,802215
CYBR,5/13/2019,121.24,123.35,119.33,123.35,2043322
CYBR,5/14/2019,123,133.49,120.27,128,4650329
CYBR,5/15/2019,126.12,128.2211,119.32,121.54,1417470
DOCU,3/15/2019,56.47,59.6204,56.35,58,7535989
DOCU,3/18/2019,57.75,57.78,56.11,56.95,2797612
DOCU,3/19/2019,56.66,57.25,55.54,56.81,4810644
DOCU,3/20/2019,55.38,56.22,54.3,56.07,3457575
DOCU,3/21/2019,57.08,57.23,54.57,54.93,2455434
DOCU,3/22/2019,53.34,57.01,53.13,56.68,2915173
DOCU,3/25/2019,52.59,53.84,52.07,53.01,1703124
DOCU,3/26/2019,53.74,54.34,53.1,53.25,2237957
DOCU,3/27/2019,51.88,53.66,51.38,53.56,1751243
DOCU,3/28/2019,51.78,52.46,51.14,52,1253120
DOCU,3/29/2019,51.84,52.49,51.32,52.07,1597341
DOCU,04/01/2019,52.14,52.6873,51.63,52.45,1244307
DOCU,04/02/2019,53.72,53.85,51.7635,52.23,1804346
DOCU,04/03/2019,54.14,54.72,53.75,54,2415379
DOCU,04/04/2019,53.34,54.35,52.2,54.32,1659832
DOCU,04/05/2019,53.84,54.202,53.3,53.45,1659577
DOCU,04/08/2019,53.81,54.19,53.03,53.67,1313013
DOCU,04/09/2019,53.58,53.98,53.2,53.38,3115961
DOCU,04/10/2019,55.91,56.86,53.79,53.8,3040556
DOCU,04/11/2019,55.35,56.36,55.0078,56.09,1178932
DOCU,04/12/2019,55.25,55.86,54.81,55.75,1308260
DOCU,4/15/2019,55.42,56.65,55.16,55.36,2226486
DOCU,4/16/2019,55.21,56.02,54.81,55.77,1200498
DOCU,4/17/2019,53.18,55.49,52.09,55.45,2390132
DOCU,4/18/2019,52.79,53.4995,50.92,53.2,1940987
DOCU,4/22/2019,54.13,54.3659,52.5,52.74,1043364
DOCU,4/23/2019,55.24,55.5508,54.2,54.4,1497789
DOCU,4/24/2019,55.84,56.25,55.09,55.47,1122237
DOCU,4/25/2019,57.01,57.64,55.9,56.21,2475971
DOCU,4/26/2019,57.26,57.95,56.65,57.2,1556997
DOCU,4/29/2019,57.66,58.37,57.03,57.61,1517467
DOCU,4/30/2019,56.67,56.94,55.375,56.5,2242988
DOCU,05/01/2019,55.82,57.42,55.8,57.1,1501949
DOCU,05/02/2019,54.89,56.5009,54.04,55.77,1447965
DOCU,05/03/2019,56.46,56.73,54.55,55.08,1657836
DOCU,05/06/2019,55.89,56.72,54.21,54.92,1610917
DOCU,05/07/2019,53.23,55.5,52.31,54.98,2198813
DOCU,05/08/2019,53.59,53.98,52.69,53.22,1481126
DOCU,05/09/2019,53.5,54,51.52,52.78,1320747
DOCU,05/10/2019,53.05,53.8823,50.95,53.05,1398468
DOCU,5/13/2019,50.42,51.77,50.02,51.42,1607388
DOCU,5/14/2019,52.54,52.84,50.9,51,2335795
DOCU,5/15/2019,53.67,53.9,52,52.29,1300463
ATHM,3/15/2019,92.55,92.94,89.75,90.8,903019
ATHM,3/18/2019,94.66,94.76,89.9988,92.64,1068376
ATHM,3/19/2019,92.24,95.5,90.97,94.89,1030614
ATHM,3/20/2019,92.22,93.29,90.15,91.91,746491
ATHM,3/21/2019,91.59,92.83,89.64,91.46,693660
ATHM,3/22/2019,90.31,91.76,88.41,90.83,860173
ATHM,3/25/2019,91.99,92.19,88.89,89.47,1176536
ATHM,3/26/2019,92,92.93,91.41,92.47,510145
ATHM,3/27/2019,90.84,92.66,90.555,92.28,577098
ATHM,3/28/2019,92.46,92.535,90.795,91.23,809615
ATHM,3/29/2019,105.12,106.03,93.5,93.7,2890407
ATHM,04/01/2019,104,105,99.34,105,2223278
ATHM,04/02/2019,102.62,103.99,100.2,103.41,617894
ATHM,04/03/2019,104.35,105.14,103.2,103.64,1318716
ATHM,04/04/2019,104.97,105.68,104.01,104.41,791108
ATHM,04/05/2019,108.51,111.6,105.1,105.13,2074606
ATHM,04/08/2019,109.97,110.42,106.51,108,790805
ATHM,04/09/2019,107.61,109.66,106.11,109.41,757210
ATHM,04/10/2019,108.41,109.17,107.333,108.05,680793
ATHM,04/11/2019,105.68,108.1,104.37,107.5,734217
ATHM,04/12/2019,107.54,108.85,106.205,106.97,403848
ATHM,4/15/2019,106.72,108.68,105.17,107.01,679706
ATHM,4/16/2019,108.34,108.81,103.76,107.2,1133819
ATHM,4/17/2019,112.14,117.99,111.05,111.88,1588755
ATHM,4/18/2019,113.26,114.05,111.33,112.61,789696
ATHM,4/22/2019,114.55,114.77,112.4131,112.87,874310
ATHM,4/23/2019,113.75,115.8,113.13,115.05,462870
ATHM,4/24/2019,114.49,115,111.1,113.98,622854
ATHM,4/25/2019,111.94,112.89,103.78,112.89,1081900
ATHM,4/26/2019,111.7,112.31,110.08,111.85,580635
ATHM,4/29/2019,115.62,115.88,111.74,112.77,665652
ATHM,4/30/2019,115.49,116.97,114.01,114.68,487173
ATHM,05/01/2019,110.83,116.11,110.66,115.89,872857
ATHM,05/02/2019,113.84,114.17,109.61,112,1073162
ATHM,05/03/2019,116.85,117.5,114.01,114.37,799853
ATHM,05/06/2019,114.21,117.37,110.2,110.2,1166040
ATHM,05/07/2019,110.26,113.5,108.69,112.97,1739130
ATHM,05/08/2019,106.96,109,102,108.76,1855997
ATHM,05/09/2019,105.39,106.215,100.58,104.51,1440348
ATHM,05/10/2019,105.8,107.9371,104.0164,105.68,870498
ATHM,5/13/2019,98.11,101.45,97.65,100.49,1296830
ATHM,5/14/2019,102.68,103.1525,99.2,99.94,681859
ATHM,5/15/2019,104.12,105.1,101.21,102.53,601999
WUBA,3/15/2019,61.76,62.41,60.885,61,771144
WUBA,3/18/2019,62.54,62.95,61.9,62.3,1368878
WUBA,3/19/2019,63.1,63.34,62.27,62.84,979897
WUBA,3/20/2019,63.81,64.25,62.66,62.78,705979
WUBA,3/21/2019,64.48,64.9,62.88,62.99,998059
WUBA,3/22/2019,61.76,64.36,61.05,63.77,769019
WUBA,3/25/2019,61.69,62.23,60.56,61.32,534568
WUBA,3/26/2019,61.84,62.6,61.35,61.99,516874
WUBA,3/27/2019,61.05,62.28,60.74,61.69,865144
WUBA,3/28/2019,62.79,62.92,60.97,61.35,780694
WUBA,3/29/2019,65.68,65.74,62.92,63.69,1112754
WUBA,04/01/2019,67.37,70.49,66.59,66.97,1865354
WUBA,04/02/2019,66.8,67.98,66.4975,67.33,699680
WUBA,04/03/2019,69.84,70.38,67.4,67.73,1343878
WUBA,04/04/2019,71.28,71.39,69.61,70.04,1368459
WUBA,04/05/2019,70.48,72.18,70.38,71.35,963842
WUBA,04/08/2019,71.07,71.66,69.41,70.24,652932
WUBA,04/09/2019,71.12,71.26,70.46,70.98,449135
WUBA,04/10/2019,70.11,71.12,69.58,70.74,406999
WUBA,04/11/2019,67.31,69.76,66.86,69.76,915623
WUBA,04/12/2019,69.08,69.69,68.07,68.59,450337
WUBA,4/15/2019,68.9,69.2,68.1655,68.84,520379
WUBA,4/16/2019,71.63,72.14,69.49,69.6,1045082
WUBA,4/17/2019,72.5,72.67,71.27,72,738460
WUBA,4/18/2019,72.59,72.59,71.13,72.2,656130
WUBA,4/22/2019,72.01,72.01,70.07,71.03,750280
WUBA,4/23/2019,72.7,72.89,70.9775,72.18,805977
WUBA,4/24/2019,70.7,72.44,70.28,72.34,859627
WUBA,4/25/2019,70.98,71.13,68.15,70.63,767573
WUBA,4/26/2019,71.46,72.01,70.63,70.98,528466
WUBA,4/29/2019,71.69,72,71.31,71.72,440000
WUBA,4/30/2019,71.79,72.78,71.01,71.22,480548
WUBA,05/01/2019,71.16,72.66,71.1,72.3,327628
WUBA,05/02/2019,71.58,71.71,70.2259,70.88,355654
WUBA,05/03/2019,72.45,72.9,71.55,71.79,343482
WUBA,05/06/2019,70.26,70.5,68.5,68.86,621569
WUBA,05/07/2019,65.59,70,64.86,69.01,2476625
WUBA,05/08/2019,66.01,66.78,65.01,65.71,1157190
WUBA,05/09/2019,65.4,65.98,63.01,64.84,1238939
WUBA,05/10/2019,65.57,66.42,64.1,65.06,660680
WUBA,5/13/2019,61.58,63,60.5,62.65,2153152
WUBA,5/14/2019,62.51,63.28,61.25,62.57,641620
WUBA,5/15/2019,62.76,63.14,62.1,62.53,462292
RNG,3/15/2019,106.19,107.64,105.35,106.55,583965
RNG,3/18/2019,106.33,107.74,105.045,106.05,513366
RNG,3/19/2019,107.74,107.95,103.53,106.51,1281716
RNG,3/20/2019,107.67,109.36,106.55,107.5,524641
RNG,3/21/2019,111.57,111.7,106.93,107.37,708328
RNG,3/22/2019,106.59,111.13,106.59,110.75,546157
RNG,3/25/2019,106.3,106.8768,103.48,105.6,528816
RNG,3/26/2019,108.19,109.21,106.43,107.89,643215
RNG,3/27/2019,106.02,109.28,104.196,108,513466
RNG,3/28/2019,107.49,108.74,106,106.18,469292
RNG,3/29/2019,107.8,109.24,106.86,108.32,642994
RNG,04/01/2019,109.33,110.49,106.86,109.41,637943
RNG,04/02/2019,110.04,110.2,107.275,109.23,594407
RNG,04/03/2019,110.59,111.895,109.78,111,631461
RNG,04/04/2019,104.74,111.519,103.93,110.73,2003024
RNG,04/05/2019,106.35,107.25,105,105.27,1441246
RNG,04/08/2019,103.33,105.88,101.33,105.61,1461478
RNG,04/09/2019,103.27,103.65,102.025,102.3,1298265
RNG,04/10/2019,103.29,104.53,102.06,103.06,1198368
RNG,04/11/2019,105.6,105.91,102.08,104.04,744791
RNG,04/12/2019,105.73,106.32,104.25,105.7,993942
RNG,4/15/2019,106.26,107.215,105.15,105.78,392187
RNG,4/16/2019,105.18,107.71,104.76,106.76,830554
RNG,4/17/2019,104.21,105.9773,102.62,105.76,1088959
RNG,4/18/2019,105.5,105.52,101.49,103.5,797239
RNG,4/22/2019,108.38,108.65,104.825,104.85,648897
RNG,4/23/2019,111.31,111.52,108.51,109.02,966345
RNG,4/24/2019,111.6,113.24,111.3,111.98,551385
RNG,4/25/2019,113.16,113.99,111.19,112.38,656832
RNG,4/26/2019,115.36,115.37,112,113.18,407747
RNG,4/29/2019,116.01,117,115.505,115.89,1107853
RNG,4/30/2019,116.37,116.54,114.83,115.71,516138
RNG,05/01/2019,114.87,117.46,114.76,117.21,610654
RNG,05/02/2019,115.49,116.6,113.505,114.84,807581
RNG,05/03/2019,119.46,119.46,115.22,116.61,987958
RNG,05/06/2019,121.06,121.28,114.71,115.15,1752253
RNG,05/07/2019,118.15,118.87,114.45,118.35,2362650
RNG,05/08/2019,118.05,120.41,117.705,117.9,801098
RNG,05/09/2019,122.92,123.98,116.1,116.71,1313148
RNG,05/10/2019,122.73,123.7,119.1,122.04,839689
RNG,5/13/2019,115.75,119.97,115.44,119.2,1234037
RNG,5/14/2019,118.19,118.68,115.83,117.03,1377289
RNG,5/15/2019,119.14,120.6,116.85,116.85,561728
WB,3/15/2019,62.61,63.55,62,62.15,1670528
WB,3/18/2019,62.83,63.6,61.24,63.31,1744128
WB,3/19/2019,63.05,63.59,62.58,63.2,1218320
WB,3/20/2019,61.01,62.52,60.4318,62.52,2567922
WB,3/21/2019,60.65,61.6259,60.07,60.78,1779819
WB,3/22/2019,58.7,61.181,58.59,60.32,2016807
WB,3/25/2019,59.03,59.26,57.6,58.31,1432457
WB,3/26/2019,58.59,59.75,57.84,59.12,1201878
WB,3/27/2019,57.89,59.09,57.3656,58.68,1228058
WB,3/28/2019,58.33,58.67,57.45,58.04,865554
WB,3/29/2019,61.99,62.25,59.381,59.67,3593134
WB,04/01/2019,66.4,66.905,63.1276,63.23,4483762
WB,04/02/2019,65.9,66.81,65.22,65.88,1690415
WB,04/03/2019,68.94,70,67.05,67.28,3686492
WB,04/04/2019,68.74,69.6955,68.08,68.61,2402925
WB,04/05/2019,71.06,72.09,68.47,69.11,2215845
WB,04/08/2019,71.91,71.97,69.77,70.94,1437598
WB,04/09/2019,70.8,71.7,70.06,70.4,1464449
WB,04/10/2019,70.57,71.3053,69.21,70.71,1492703
WB,04/11/2019,68.9,70.13,68.1735,70.13,1303382
WB,04/12/2019,70.47,71.5,69.25,70.19,911278
WB,4/15/2019,68.6,70.28,67.73,70.06,1169315
WB,4/16/2019,70.4,71.39,69.6742,69.86,1782111
WB,4/17/2019,71.15,72.49,69.8,69.8,1424663
WB,4/18/2019,71.5,71.6,70.42,70.89,908537
WB,4/22/2019,72.32,72.78,70.5,70.64,1037294
WB,4/23/2019,72,72.62,71.35,72.54,959054
WB,4/24/2019,70.31,72,68.63,72,1458482
WB,4/25/2019,69.84,70.21,68.64,69.88,1805199
WB,4/26/2019,67.74,69.99,67.09,69.89,2084057
WB,4/29/2019,67.75,68.64,67.15,67.64,1984458
WB,4/30/2019,68.5,69.25,67.35,67.47,1756769
WB,05/01/2019,67.94,69.34,67.88,69,567442
WB,05/02/2019,67.11,68.44,65.84,68.44,982446
WB,05/03/2019,68.79,69.03,67.71,68.29,955051
WB,05/06/2019,65.23,65.6,62.49,64.31,2401285
WB,05/07/2019,62.44,64.91,61.63,64.6,2167631
WB,05/08/2019,61.95,62.8,61.12,62.39,1422916
WB,05/09/2019,61.79,61.975,59.56,60.3,1244781
WB,05/10/2019,61.43,62.34,59.97,61.64,1165462
WB,5/13/2019,58.63,59.35,57.52,58.49,2343136
WB,5/14/2019,59.22,60.25,58.43,60.2,1213186
WB,5/15/2019,58.99,59.4,57.43,58.59,1175489
TEAM,3/15/2019,110.27,112.23,109.6425,110.83,2235528
TEAM,3/18/2019,111.22,111.73,109.66,110.12,729522
TEAM,3/19/2019,112.42,113.3999,110.31,112.21,1148285
TEAM,3/20/2019,112.83,113.9,111.278,112.64,823398
TEAM,3/21/2019,115.5,115.88,112.1,112.34,1098204
TEAM,3/22/2019,109.83,115.0538,109.73,114.69,1433213
TEAM,3/25/2019,109.86,110.39,107.9,109.33,890709
TEAM,3/26/2019,111.55,112.95,110.5,111.63,727757
TEAM,3/27/2019,106.99,112,105.2001,111.4,2086836
TEAM,3/28/2019,108.46,109.87,106.6,107.08,1132254
TEAM,3/29/2019,112.39,112.51,108.68,110.2,1239042
TEAM,04/01/2019,113.87,115.375,111.37,114.03,1255281
TEAM,04/02/2019,115.6,116.09,112.22,114.44,980052
TEAM,04/03/2019,115.36,116.7,114.6701,116.3,1102370
TEAM,04/04/2019,110.22,115.6,106.75,115.6,2366651
TEAM,04/05/2019,111.33,112.54,110.19,111.53,1239671
TEAM,04/08/2019,112.08,112.14,108.2944,111.28,1009585
TEAM,04/09/2019,112.15,112.69,110.2,111,1194328
TEAM,04/10/2019,112.74,113.7,111.83,112.15,1714198
TEAM,04/11/2019,114.44,114.69,111.57,113.64,1224381
TEAM,04/12/2019,112.68,115.67,112.28,115.28,1543210
TEAM,4/15/2019,114.45,117.06,113.56,114.01,2094414
TEAM,4/16/2019,112.97,115.61,112.22,115.09,2014279
TEAM,4/17/2019,111.19,114.1304,109.6737,113.39,3261621
TEAM,4/18/2019,101.94,105.6,100.25,101.4,7538972
TEAM,4/22/2019,103.75,104.25,100.2829,100.72,2528972
TEAM,4/23/2019,106.72,107.1,103.87,104.25,3143154
TEAM,4/24/2019,103.17,108.06,102.845,107.52,2177491
TEAM,4/25/2019,106,106.07,102.61,104,1468385
TEAM,4/26/2019,108.21,108.34,104.6014,105.84,1129938
TEAM,4/29/2019,110.05,110.7,107.8001,107.93,2116224
TEAM,4/30/2019,110.15,111.6623,109.1039,109.25,1658601
TEAM,05/01/2019,108.59,110.99,108.57,110.23,1092704
TEAM,05/02/2019,109.01,109.8,106.8,107.82,1108245
TEAM,05/03/2019,110.41,111.7,109.4577,110.33,854334
TEAM,05/06/2019,110.57,110.9,106.11,107,840981
TEAM,05/07/2019,110.67,112,109.63,109.65,2085118
TEAM,05/08/2019,117.17,117.45,110.8635,110.99,3568259
TEAM,05/09/2019,125.13,125.31,115.22,116.16,4810605
TEAM,05/10/2019,128.87,129.97,121.5,123.11,3709346
TEAM,5/13/2019,120.78,126.778,120.63,124.71,2720368
TEAM,5/14/2019,123.77,124.62,121.11,121.6,1435783
TEAM,5/15/2019,126.08,127.37,122.57,122.91,1212338
SPLK,3/15/2019,127.32,127.98,126.12,126.5,1937974
SPLK,3/18/2019,128.58,129.9,127.33,127.33,1799990
SPLK,3/19/2019,129.55,130.38,128.58,129.69,1681836
SPLK,3/20/2019,129.99,131,127.6577,129.5,1186169
SPLK,3/21/2019,132.47,132.5,129.5,129.5,1291840
SPLK,3/22/2019,125.68,132.28,124.55,132.22,2298549
SPLK,3/25/2019,123.54,125.39,122.015,125,2112848
SPLK,3/26/2019,124.28,125.9999,123.5,125.91,1233191
SPLK,3/27/2019,120.49,124.61,118.83,124.2,1614261
SPLK,3/28/2019,121.83,122.33,119.5,120.5,1210130
SPLK,3/29/2019,124.6,125.565,122.3301,123.2,2405334
SPLK,04/01/2019,126.84,128.88,124.525,126.3,1459225
SPLK,04/02/2019,127.73,127.82,125.48,126.84,1471715
SPLK,04/03/2019,128.87,129.9093,127.25,128.61,1081795
SPLK,04/04/2019,125.95,130.1595,122.95,129,1687018
SPLK,04/05/2019,128.7,129.08,126.07,126.08,1548729
SPLK,04/08/2019,129.63,129.7,125.9,128.74,972756
SPLK,04/09/2019,129.69,130.02,128.17,128.69,1169206
SPLK,04/10/2019,133.92,134.32,130.21,130.32,1467292
SPLK,04/11/2019,135.38,135.77,133.22,133.62,1357666
SPLK,04/12/2019,134.94,135.9,133.9375,135.9,1008291
SPLK,4/15/2019,134.68,136.49,132.74,135.02,961116
SPLK,4/16/2019,133.52,137.25,132.35,135.78,1253896
SPLK,4/17/2019,128.91,134.79,128.2,134.59,1560529
SPLK,4/18/2019,128.08,129.58,125.25,128.8,1264847
SPLK,4/22/2019,130,130.37,127.3,127.89,1295041
SPLK,4/23/2019,133.61,133.76,129.64,130.5,1714434
SPLK,4/24/2019,133.29,135.74,133.19,134.33,977765
SPLK,4/25/2019,135.76,136.76,132.69,135.02,1422442
SPLK,4/26/2019,137.7,138.2,135.28,136.1,1008908
SPLK,4/29/2019,138.88,140.75,138,138.11,1142772
SPLK,4/30/2019,138.04,139.96,136.9264,138.24,726086
SPLK,05/01/2019,134.81,139,134.66,138.52,1332413
SPLK,05/02/2019,134.47,136.96,132.73,134.5,1166844
SPLK,05/03/2019,135.22,136.59,134,135.6,998987
SPLK,05/06/2019,135.1,135.5388,129.2,131.01,729051
SPLK,05/07/2019,131.29,134,128.22,133.5,1473556
SPLK,05/08/2019,131.77,132.94,130.23,131.29,652433
SPLK,05/09/2019,132.43,132.97,127.72,130.06,758404
SPLK,05/10/2019,133.32,134.19,129.92,132.04,871897
SPLK,5/13/2019,126.86,130.81,126.14,128.86,1034055
SPLK,5/14/2019,130.98,131.93,127.52,128.26,964582
SPLK,5/15/2019,135,135.8396,130.21,130.21,1140522
RAMP,3/15/2019,59.87,61.04,59.67,61.04,2256455
RAMP,3/18/2019,61.72,61.86,59.69,60.4,690222
RAMP,3/19/2019,61.55,62,60.89,61.7,639292
RAMP,3/20/2019,61.77,62.42,60.7,61.55,590975
RAMP,3/21/2019,62.04,63.23,61.43,61.43,664904
RAMP,3/22/2019,58.97,61.685,58.54,61.45,1009348
RAMP,3/25/2019,58.81,59.57,57.34,57.87,983229
RAMP,3/26/2019,55.58,59.5,54.85,59.5,1633839
RAMP,3/27/2019,53.74,55.9,53.38,55.9,1345633
RAMP,3/28/2019,53.8,54.58,53.11,54.25,1186964
RAMP,3/29/2019,54.57,54.98,53.5,54.41,750998
RAMP,04/01/2019,54.79,55.49,53.831,54.91,919449
RAMP,04/02/2019,54.23,54.83,53.88,54.83,449617
RAMP,04/03/2019,54.36,54.79,53.9,54.52,487576
RAMP,04/04/2019,53.36,54.45,52.41,54.45,631055
RAMP,04/05/2019,54.56,54.64,53.12,53.62,726445
RAMP,04/08/2019,54.83,54.92,53.855,54.56,374446
RAMP,04/09/2019,54.32,54.81,54.12,54.4,400342
RAMP,04/10/2019,55.77,55.81,54.345,54.57,528814
RAMP,04/11/2019,56.67,56.73,55,55.75,692475
RAMP,04/12/2019,56.47,56.76,56.04,56.69,440672
RAMP,4/15/2019,56.06,56.73,55.56,56.46,397367
RAMP,4/16/2019,56.31,56.51,55.97,56.36,345136
RAMP,4/17/2019,55.15,57.12,54.88,56.42,399039
RAMP,4/18/2019,55.93,56.01,54.29,54.8,375551
RAMP,4/22/2019,56.91,56.93,55.43,55.6,340950
RAMP,4/23/2019,58.5,58.72,56.7818,57.01,595163
RAMP,4/24/2019,58.44,58.72,58,58.44,328380
RAMP,4/25/2019,57.94,58.39,56.98,58.39,410726
RAMP,4/26/2019,59.45,59.64,57.62,58.02,334426
RAMP,4/29/2019,59.08,60.51,59.05,59.58,671431
RAMP,4/30/2019,58.33,59.21,56.78,58.93,762880
RAMP,05/01/2019,57.54,58.69,57.49,58.56,515343
RAMP,05/02/2019,58.26,58.35,56.92,57.58,410002
RAMP,05/03/2019,58.21,58.94,57.76,58.8,499560
RAMP,05/06/2019,57.64,57.9,56.89,57.01,531149
RAMP,05/07/2019,56.01,57.3,55.05,56.96,623195
RAMP,05/08/2019,58.64,59.76,55.65,55.72,713239
RAMP,05/09/2019,57.96,58.28,56.76,57.82,581057
RAMP,05/10/2019,58.6,58.93,57.115,57.93,476870
RAMP,5/13/2019,53.54,57.1701,53.38,57.12,690820
RAMP,5/14/2019,54.68,55.005,53.79,53.79,660238
RAMP,5/15/2019,55.74,56.15,54.18,54.23,393345
EVH,3/15/2019,13.11,13.46,12.9792,13.07,1655127
EVH,3/18/2019,12.63,13.23,12.52,13.18,1033955
EVH,3/19/2019,12.9,13.13,12.26,12.64,1109256
EVH,3/20/2019,13.1,13.34,12.74,12.9,1473345
EVH,3/21/2019,14,14.11,13.04,13.04,2900105
EVH,3/22/2019,13.33,14.26,13.27,14,1491614
EVH,3/25/2019,13.46,13.52,13.08,13.3,686203
EVH,3/26/2019,13.17,13.72,13.05,13.61,873432
EVH,3/27/2019,12.59,13.25,12.5,13.14,934659
EVH,3/28/2019,12.51,12.77,12.27,12.67,1430319
EVH,3/29/2019,12.58,12.7,12.37,12.62,1056827
EVH,04/01/2019,12.45,12.89,12.26,12.74,571389
EVH,04/02/2019,12.45,12.515,12.1101,12.5,730910
EVH,04/03/2019,12.32,12.6,12.21,12.5,603581
EVH,04/04/2019,12.28,12.43,12.09,12.36,656275
EVH,04/05/2019,12.4,12.49,12.23,12.36,910289
EVH,04/08/2019,12.58,12.8,12.26,12.7,879337
EVH,04/09/2019,12.63,12.78,12.48,12.56,1320426
EVH,04/10/2019,12.69,12.83,12.4288,12.68,1078661
EVH,04/11/2019,13.21,14.3,13.15,14.26,4264563
EVH,04/12/2019,12.97,13.3,12.69,13.28,1589873
EVH,4/15/2019,13.47,13.71,12.963,13,1656506
EVH,4/16/2019,13.39,13.61,13.305,13.5,1138276
EVH,4/17/2019,12.7,13.45,12.23,13.41,1816934
EVH,4/18/2019,13.23,13.26,12.4,12.65,1370565
EVH,4/22/2019,13.65,13.77,13.0713,13.18,1084724
EVH,4/23/2019,13.69,14.14,13.54,13.66,1145871
EVH,4/24/2019,13.61,13.82,13.525,13.69,501960
EVH,4/25/2019,13.56,13.645,13.25,13.6,570107
EVH,4/26/2019,13.67,13.755,13.45,13.66,870766
EVH,4/29/2019,14.13,14.14,13.72,13.8,706115
EVH,4/30/2019,13.55,14.13,13.48,14.04,675967
EVH,05/01/2019,13.56,13.74,13.4,13.56,576605
EVH,05/02/2019,13.83,13.83,13.41,13.53,919661
EVH,05/03/2019,14,14.41,13.91,13.96,984455
EVH,05/06/2019,14.39,14.48,13.55,13.68,684567
EVH,05/07/2019,13.7,14.195,13.5,14.19,968209
EVH,05/08/2019,14.2,14.6,13.5011,14.44,1513922
EVH,05/09/2019,14.36,14.59,13.91,14.12,1142269
EVH,05/10/2019,14.52,14.57,14.16,14.21,820881
EVH,5/13/2019,13.6,14.22,13.51,14.16,806655
EVH,5/14/2019,14.12,14.145,13.6,13.64,612806
EVH,5/15/2019,14.22,14.32,13.88,13.95,567672
HQY,3/15/2019,82.16,83.755,81.495,81.9,1082477
HQY,3/18/2019,82.87,83.83,80.83,82.2,1094019
HQY,3/19/2019,84.51,85.07,79.5,81.24,1507969
HQY,3/20/2019,79.63,84.98,79.37,84.64,976508
HQY,3/21/2019,82.73,83.51,79.05,79.24,935320
HQY,3/22/2019,73.78,82.19,73.68,82.08,1526531
HQY,3/25/2019,73.57,75.04,72.06,73.62,716816
HQY,3/26/2019,73.61,74.77,72.55,73.96,550280
HQY,3/27/2019,72.64,73.45,71.41,73.36,684210
HQY,3/28/2019,72.85,74.29,72.17,72.76,629207
HQY,3/29/2019,73.98,74.56,72.39,72.9,838192
HQY,04/01/2019,74.3,75,73.44,74.74,603165
HQY,04/02/2019,74.45,74.715,72.7897,74.54,520454
HQY,04/03/2019,75,75.49,74.48,75,846498
HQY,04/04/2019,76.14,76.25,74.27,75.01,687272
HQY,04/05/2019,77.73,78.52,76.05,76.18,611321
HQY,04/08/2019,77.15,77.75,76.4533,77.39,427409
HQY,04/09/2019,77.02,78.15,76.51,77.14,603241
HQY,04/10/2019,78.3,78.9,76.76,77.32,392423
HQY,04/11/2019,75.9,78.62,75.39,78.47,393477
HQY,04/12/2019,73.74,76.72,73.46,76.05,549035
HQY,4/15/2019,75.09,75.14,73.29,73.82,441111
HQY,4/16/2019,70.87,76.15,70.16,75.67,984506
HQY,4/17/2019,62.59,71.15,61.6601,70.57,3713751
HQY,4/18/2019,64.69,65.24,62.2901,62.89,1128001
HQY,4/22/2019,66.08,67.04,64,64.67,1032578
HQY,4/23/2019,69.02,69.23,66,66.46,920013
HQY,4/24/2019,70.58,71.35,68.3865,69.32,677099
HQY,4/25/2019,69.56,70.7,69.18,70.14,418158
HQY,4/26/2019,72.59,74.21,69.74,69.96,675894
HQY,4/29/2019,72.93,74.54,72.12,72.97,739261
HQY,4/30/2019,67.75,69.99,64.79,67.5,2264461
HQY,05/01/2019,69.32,69.635,66.86,68.38,1344977
HQY,05/02/2019,69.5,70.905,67.615,69.47,865816
HQY,05/03/2019,71.26,71.625,69.545,70.28,779376
HQY,05/06/2019,70.3,71.39,68,69.55,829100
HQY,05/07/2019,70.01,71.235,68.69,69.7,706065
HQY,05/08/2019,70.96,72.04,69.02,70.02,751887
HQY,05/09/2019,69.76,71.105,68.75,70.31,591548
HQY,05/10/2019,69.48,70.0034,67.02,69.62,716271
HQY,5/13/2019,67.7,68.66,66.2908,67.75,634795
HQY,5/14/2019,69.34,70.14,67.89,68.11,472293
HQY,5/15/2019,69.36,70.35,68.2899,68.67,524599
PLT,3/15/2019,48.85,49.49,48.37,48.46,513958
PLT,3/18/2019,49.89,49.96,48.58,48.94,313391
PLT,3/19/2019,51.28,51.82,49.86,50.17,535899
PLT,3/20/2019,50.77,51.4,50.09,51.19,452231
PLT,3/21/2019,51.36,51.83,50.557,50.6,288071
PLT,3/22/2019,47.43,51.1,46.916,50.91,592287
PLT,3/25/2019,46.26,47.43,45.97,47.2,517501
PLT,3/26/2019,45,46.76,44.72,46.65,619916
PLT,3/27/2019,45.18,45.41,44.07,45.07,407266
PLT,3/28/2019,45.66,45.82,44.83,45.28,182517
PLT,3/29/2019,46.11,46.98,45.81,45.91,355727
PLT,04/01/2019,47.6,47.65,46.47,46.93,337889
PLT,04/02/2019,47.86,48.5,47.63,47.67,216333
PLT,04/03/2019,49.32,49.7,48.5,48.5,424511
PLT,04/04/2019,49.26,49.81,49.055,49.42,294139
PLT,04/05/2019,50.45,50.53,49.5,49.52,322194
PLT,04/08/2019,50.88,50.88,50.06,50.35,246182
PLT,04/09/2019,50.5,51.01,50.18,50.63,472695
PLT,04/10/2019,52.44,52.5,50.38,50.61,456449
PLT,04/11/2019,52.61,52.89,52.09,52.6,547596
PLT,04/12/2019,52.74,53.145,52.05,53,387132
PLT,4/15/2019,51.54,53.18,51.07,52.87,241891
PLT,4/16/2019,52.39,52.52,51.36,51.84,219371
PLT,4/17/2019,52.68,52.76,51.57,52.76,242638
PLT,4/18/2019,52.41,52.72,51.86,52.54,201626
PLT,4/22/2019,52.87,52.9,52.06,52.26,174595
PLT,4/23/2019,52.79,53.18,52.44,52.92,184715
PLT,4/24/2019,52.26,53.225,51.98,52.9,179166
PLT,4/25/2019,51.13,52.09,50.29,52.09,151551
PLT,4/26/2019,51.16,51.45,50.505,51.08,162618
PLT,4/29/2019,52.85,53.22,51.06,51.19,335874
PLT,4/30/2019,51.48,52.73,50.795,52.73,333860
PLT,05/01/2019,51.12,52.09,50.9,51.61,317646
PLT,05/02/2019,51.19,51.84,50.54,51.01,155024
PLT,05/03/2019,53.26,53.325,50.66,51.18,246115
PLT,05/06/2019,52.66,53.92,51.66,52.03,588545
PLT,05/07/2019,51.05,52.25,50.53,51.84,458621
PLT,05/08/2019,47.97,49.2,43.25,47.5,1340358
PLT,05/09/2019,44.4,47.24,44.31,47.06,714122
PLT,05/10/2019,43.87,44.4,42.4,44.03,723003
PLT,5/13/2019,43.94,44.78,42.77,42.98,469313
PLT,5/14/2019,45.86,46.055,43.97,44.03,342747
PLT,5/15/2019,47.14,47.4,45.35,45.36,368243
ASX,3/15/2019,4,4.04,3.98,4.02,847130
ASX,3/18/2019,4.02,4.05,4.005,4.05,192148
ASX,3/19/2019,4.02,4.045,4.005,4.03,145142
ASX,3/20/2019,4.01,4.03,3.96,4.01,246553
ASX,3/21/2019,4.12,4.14,4.03,4.03,537796
ASX,3/22/2019,4.17,4.23,4.15,4.2,576197
ASX,3/25/2019,4.18,4.18,4.125,4.17,520019
ASX,3/26/2019,4.37,4.38,4.3,4.3,778869
ASX,3/27/2019,4.3,4.46,4.29,4.43,992786
ASX,3/28/2019,4.3,4.31,4.24,4.24,705742
ASX,3/29/2019,4.31,4.33,4.26,4.32,539714
ASX,04/01/2019,4.45,4.45,4.38,4.44,482017
ASX,04/02/2019,4.53,4.61,4.51,4.51,570177
ASX,04/03/2019,4.53,4.585,4.49,4.53,496369
ASX,04/04/2019,4.57,4.59,4.52,4.56,812750
ASX,04/05/2019,4.62,4.66,4.54,4.63,546556
ASX,04/08/2019,4.55,4.575,4.52,4.56,331729
ASX,04/09/2019,4.54,4.58,4.53,4.58,415862
ASX,04/10/2019,4.58,4.63,4.54,4.56,639928
ASX,04/11/2019,4.53,4.58,4.51,4.56,584269
ASX,04/12/2019,4.49,4.52,4.4711,4.5,365792
ASX,4/15/2019,4.52,4.53,4.48,4.52,399148
ASX,4/16/2019,4.55,4.56,4.465,4.54,861805
ASX,4/17/2019,4.84,4.89,4.73,4.73,1106039
ASX,4/18/2019,4.65,4.77,4.61,4.77,1562009
ASX,4/22/2019,4.81,4.83,4.69,4.69,905688
ASX,4/23/2019,4.78,4.79,4.72,4.79,544985
ASX,4/24/2019,4.7,4.72,4.63,4.72,359998
ASX,4/25/2019,4.67,4.71,4.635,4.7,295265
ASX,4/26/2019,4.64,4.67,4.55,4.64,1208141
ASX,4/29/2019,4.54,4.62,4.51,4.62,422764
ASX,4/30/2019,4.55,4.57,4.49,4.5,251305
ASX,05/01/2019,4.51,4.59,4.5,4.59,217810
ASX,05/02/2019,4.49,4.53,4.45,4.53,3253054
ASX,05/03/2019,4.6,4.63,4.58,4.62,674897
ASX,05/06/2019,4.56,4.59,4.5,4.54,1319264
ASX,05/07/2019,4.43,4.55,4.39,4.55,1193005
ASX,05/08/2019,4.44,4.52,4.41,4.41,735584
ASX,05/09/2019,4.36,4.39,4.28,4.38,411486
ASX,05/10/2019,4.36,4.395,4.3,4.33,428384
ASX,5/13/2019,4.23,4.26,4.18,4.23,361986
ASX,5/14/2019,4.23,4.27,4.215,4.23,778214
ASX,5/15/2019,4.33,4.39,4.3,4.3,373795
VSAT,3/15/2019,77.29,77.67,75.94,76.41,1004625
VSAT,3/18/2019,77.87,78.65,77.28,77.28,407865
VSAT,3/19/2019,77.5,78.47,77.4,78.45,496672
VSAT,3/20/2019,75.77,77.22,75.4,77.22,420996
VSAT,3/21/2019,77.01,77.46,75.79,75.79,349501
VSAT,3/22/2019,75.76,76.65,75.365,76.45,313656
VSAT,3/25/2019,76.13,76.3,74.71,75.5,244532
VSAT,3/26/2019,77.15,77.43,76.5002,76.59,292051
VSAT,3/27/2019,76.98,77.68,75.72,77.15,230357
VSAT,3/28/2019,77.52,77.635,76.64,77.1,249173
VSAT,3/29/2019,77.5,78,76.94,78,543475
VSAT,04/01/2019,78.09,78.47,77.54,78.04,324873
VSAT,04/02/2019,79.02,79.11,77.9943,78.25,316573
VSAT,04/03/2019,79.52,80.42,78.22,79.44,356796
VSAT,04/04/2019,78.98,79.8699,78.4264,79.5,331936
VSAT,04/05/2019,80.08,80.23,78.99,79.04,323273
VSAT,04/08/2019,82.65,82.71,79.5994,79.79,579073
VSAT,04/09/2019,82.38,83.48,82.27,82.57,691708
VSAT,04/10/2019,84.26,84.6,82.27,82.57,517334
VSAT,04/11/2019,85.55,86,84.05,84.3,560417
VSAT,04/12/2019,87,87.11,85.47,85.93,393133
VSAT,4/15/2019,86.55,87.805,86.27,86.94,407323
VSAT,4/16/2019,87.16,87.49,86.645,86.91,337192
VSAT,4/17/2019,88.28,89.28,87.27,87.41,653019
VSAT,4/18/2019,88.2,88.55,87.89,88.13,644913
VSAT,4/22/2019,88.61,88.88,87.57,87.57,628428
VSAT,4/23/2019,88.56,88.88,88.36,88.8,680337
VSAT,4/24/2019,88.99,90.43,88.184,88.84,843257
VSAT,4/25/2019,88.95,89.51,87.79,88.84,584458
VSAT,4/26/2019,89.38,89.84,88.98,89.46,664134
VSAT,4/29/2019,89.28,90.09,89.1,89.45,454409
VSAT,4/30/2019,90.82,90.93,88.58,89.32,392790
VSAT,05/01/2019,90.05,90.96,89.97,90.96,499232
VSAT,05/02/2019,90.23,90.73,89.13,89.8,509107
VSAT,05/03/2019,91.89,92.43,90.14,90.22,416393
VSAT,05/06/2019,92,92.27,89.71,90.38,345181
VSAT,05/07/2019,90.93,91.87,90.17,91.13,358731
VSAT,05/08/2019,91.67,92.62,90.17,90.83,461319
VSAT,05/09/2019,89.09,91.18,88.8862,91.09,559487
VSAT,05/10/2019,90.48,90.51,87.775,88.92,405185
VSAT,5/13/2019,87.98,89.12,87.53,88.91,322586
VSAT,5/14/2019,89.26,89.85,87.45,88.31,432160
VSAT,5/15/2019,89.74,89.78,88.28,88.74,268723
CCMP,3/15/2019,111.0725,112.3377,109.0102,109.9866,536784
CCMP,3/18/2019,112.0289,112.5868,109.9766,111.2817,300925
CCMP,3/19/2019,111.73,113.2842,111.202,112.6266,421116
CCMP,3/20/2019,111.64,112.77,110.19,112.04,318778
CCMP,3/21/2019,115.3,116.16,111.32,111.32,292760
CCMP,3/22/2019,110.65,114.915,110.58,114.69,227218
CCMP,3/25/2019,109.68,111.92,109.405,110.01,263044
CCMP,3/26/2019,108.64,111.62,108.14,110.3,290596
CCMP,3/27/2019,107.44,109,106.38,108.64,214599
CCMP,3/28/2019,108.54,108.87,107.14,107.74,256246
CCMP,3/29/2019,111.96,112.71,109.44,109.49,335080
CCMP,04/01/2019,115.26,115.915,112.95,112.95,232306
CCMP,04/02/2019,114.42,115.51,114.37,115.27,194745
CCMP,04/03/2019,119.38,120.08,116.1,116.31,292690
CCMP,04/04/2019,119.15,120.49,118.74,119.68,210074
CCMP,04/05/2019,121.26,121.41,118.701,119.9,113285
CCMP,04/08/2019,122.27,122.72,120.59,121.25,194325
CCMP,04/09/2019,120.83,122.72,120.61,122.32,178749
CCMP,04/10/2019,122.63,122.79,120.35,121.08,259824
CCMP,04/11/2019,120.86,123.11,120.4,122.92,213777
CCMP,04/12/2019,123,123.68,121.625,121.63,351920
CCMP,4/15/2019,122,123.635,121.16,123.18,111839
CCMP,4/16/2019,124.84,125.03,122.54,122.92,182129
CCMP,4/17/2019,125.88,126.38,123.97,126.17,218095
CCMP,4/18/2019,126.74,128.37,125.42,125.54,258001
CCMP,4/22/2019,125.44,127.5,124.88,126.65,156744
CCMP,4/23/2019,127.13,127.45,125.23,125.53,165113
CCMP,4/24/2019,127.18,129.94,127.18,127.26,161483
CCMP,4/25/2019,122.6,127.3,121.2,127,419793
CCMP,4/26/2019,122.98,123.13,119.05,121.85,419853
CCMP,4/29/2019,124.08,124.78,122.4195,122.95,159071
CCMP,4/30/2019,126.25,126.64,124,124,262807
CCMP,05/01/2019,124.23,127.52,124.08,126.9,388493
CCMP,05/02/2019,123,125.65,121.985,123.9,183520
CCMP,05/03/2019,125.95,126.09,123.42,123.93,188289
CCMP,05/06/2019,124.5,124.69,120.51,122.7,148094
CCMP,05/07/2019,122.56,124.1924,120.96,122.9,205016
CCMP,05/08/2019,120.45,122.72,119.55,121.78,338152
CCMP,05/09/2019,114.82,115.674,107,112.59,545253
CCMP,05/10/2019,113.03,114.49,110.52,114.18,351465
CCMP,5/13/2019,107.26,110.54,106.9401,110.15,298585
CCMP,5/14/2019,108.27,108.99,107.35,108.43,299201
CCMP,5/15/2019,109.01,109.55,106.7567,107.18,224111
VIOT,3/15/2019,10.18,10.2593,9.98,10.2,59044
VIOT,3/18/2019,12,12,10.28,10.68,262092
VIOT,3/19/2019,11.98,12.285,11.43,12.19,257992
VIOT,3/20/2019,10.66,11.95,10.55,11.95,103887
VIOT,3/21/2019,11.47,11.66,10.7,10.7,114443
VIOT,3/22/2019,11.36,11.58,10.75,11.37,46639
VIOT,3/25/2019,12,12,11.03,11.24,102971
VIOT,3/26/2019,11.27,12.1,10.5,12.1,147001
VIOT,3/27/2019,11.09,11.41,10.75,11.28,22019
VIOT,3/28/2019,10.81,11.14,10.6,11,26111
VIOT,3/29/2019,11.07,11.38,10.85,10.89,442536
VIOT,04/01/2019,11.35,11.44,11.2705,11.42,27356
VIOT,04/02/2019,11.46,11.48,11.19,11.35,30216
VIOT,04/03/2019,11.42,12,11.2104,11.53,172655
VIOT,04/04/2019,11.26,11.61,11,11.39,88778
VIOT,04/05/2019,11.32,11.6637,11.1,11.25,24057
VIOT,04/08/2019,11.25,11.4,11.0001,11.39,25626
VIOT,04/09/2019,11.14,11.2416,11,11.15,17893
VIOT,04/10/2019,11.32,11.3899,11.16,11.16,18328
VIOT,04/11/2019,11.1,11.29,11.03,11.29,49955
VIOT,04/12/2019,11.89,11.89,11.0989,11.24,48575
VIOT,4/15/2019,11.98,12,11.691,11.92,43672
VIOT,4/16/2019,13.49,13.84,11.6801,12,1158684
VIOT,4/17/2019,13.22,13.8055,12.57,13.55,376826
VIOT,4/18/2019,15.25,15.84,13.24,13.24,563320
VIOT,4/22/2019,15,15.15,14.241,15.1,194575
VIOT,4/23/2019,13.6,14.51,13.5,14.31,724529
VIOT,4/24/2019,13.59,14.056,13.37,13.71,112762
VIOT,4/25/2019,13.51,13.74,13.45,13.5,158669
VIOT,4/26/2019,14.74,14.84,13.23,13.55,978676
VIOT,4/29/2019,14.5,15.09,14.25,14.92,342115
VIOT,4/30/2019,13.77,14.73,13.6,14.5,607294
VIOT,05/01/2019,14.36,14.75,13.6,13.88,195192
VIOT,05/02/2019,13.74,14.44,13.6,14.22,121782
VIOT,05/03/2019,12,14.028,11.26,13.76,485268
VIOT,05/06/2019,11.66,11.95,10.77,11,186688
VIOT,05/07/2019,10.09,11.64,10,11.64,361983
VIOT,05/08/2019,10.5,10.7,10.06,10.16,188210
VIOT,05/09/2019,10.01,10.29,9.6,10.23,236993
VIOT,05/10/2019,9.65,10.25,9.61,10.06,216442
VIOT,5/13/2019,9.18,9.6138,9.01,9.56,131749
VIOT,5/14/2019,9.38,9.75,9.1,9.32,159793
VIOT,5/15/2019,9.61,9.7964,9.38,9.38,177468
QTWO,3/15/2019,68.25,69.21,67.1301,67.87,539991
QTWO,3/18/2019,69,69.29,67.97,68.44,184497
QTWO,3/19/2019,69.45,70,68.39,69.5,273167
QTWO,3/20/2019,69.6,70.7,69.08,69.51,199775
QTWO,3/21/2019,70.79,71.54,69.36,69.36,206614
QTWO,3/22/2019,68.44,71.279,68.39,70.28,221535
QTWO,3/25/2019,68.75,69.42,68,68.19,236068
QTWO,3/26/2019,69.59,70.36,69.01,69.37,166824
QTWO,3/27/2019,68.41,70.05,67.685,69.43,175895
QTWO,3/28/2019,69.2,69.38,67.86,68.58,249265
QTWO,3/29/2019,69.26,69.87,69.0644,69.87,301989
QTWO,04/01/2019,69.71,70.1925,68.89,69.85,158159
QTWO,04/02/2019,70.46,70.55,68.94,69.98,169618
QTWO,04/03/2019,68.06,69.97,67.97,68.89,373277
QTWO,04/04/2019,66.21,68.25,65,67.96,462251
QTWO,04/05/2019,66.66,66.75,65.54,66.39,256284
QTWO,04/08/2019,66.52,66.87,65.47,66.58,114643
QTWO,04/09/2019,66.99,67.475,66.08,66.35,222101
QTWO,04/10/2019,68.11,68.31,67.0836,67.4,340146
QTWO,04/11/2019,68.22,68.685,67.78,68.32,249214
QTWO,04/12/2019,68.74,68.81,67.6923,68.56,177370
QTWO,4/15/2019,69.55,69.78,68.51,68.84,176857
QTWO,4/16/2019,69.61,70.33,69.3,69.95,256365
QTWO,4/17/2019,69.03,69.77,68.21,69.77,297187
QTWO,4/18/2019,68.59,69.05,67.43,68.85,203146
QTWO,4/22/2019,70.03,70.1904,68.45,68.53,264517
QTWO,4/23/2019,72.25,72.65,70.19,70.38,756021
QTWO,4/24/2019,73.37,74.55,72.54,72.57,569944
QTWO,4/25/2019,74.04,74.34,72.5609,73.47,261296
QTWO,4/26/2019,74.52,75,73.2805,74.07,262630
QTWO,4/29/2019,75.42,76.08,74.59,74.77,448302
QTWO,4/30/2019,75.42,75.98,74.31,75.6,333706
QTWO,05/01/2019,73.6,75.65,73.14,75.65,365558
QTWO,05/02/2019,74.07,74.57,73.53,73.65,241829
QTWO,05/03/2019,75.12,75.24,73.64,74.72,163342
QTWO,05/06/2019,73.98,74.855,72.9218,73.25,358648
QTWO,05/07/2019,72.88,74.38,72.255,73.37,833783
QTWO,05/08/2019,69.32,72.9471,68.28,72.94,921163
QTWO,05/09/2019,71.01,71.04,68.04,68.17,546123
QTWO,05/10/2019,72.48,72.49,70.375,70.82,669782
QTWO,5/13/2019,70.11,71.48,69.79,70.81,403046
QTWO,5/14/2019,71.5,71.75,70.1,70.52,156272
QTWO,5/15/2019,72.37,72.76,70.78,70.78,278157
PKE,3/15/2019,16.6731,16.7824,16.5241,16.5638,156352
PKE,3/18/2019,16.6036,16.7327,16.4843,16.6632,89017
PKE,3/19/2019,16.4446,16.6731,16.4347,16.6731,77922
PKE,3/20/2019,16.5241,16.7278,16.3154,16.4943,95776
PKE,3/21/2019,16.4446,16.6731,16.4048,16.4943,212483
PKE,3/22/2019,15.7888,16.4347,15.7491,16.4048,109939
PKE,3/25/2019,15.8484,15.9577,15.6486,15.7093,70212
PKE,3/26/2019,15.908,16.0471,15.8286,15.8683,79495
PKE,3/27/2019,15.918,15.9577,15.5901,15.8981,84262
PKE,3/28/2019,15.8782,16.0074,15.6596,15.9875,88555
PKE,3/29/2019,15.6,15.9577,15.6,15.8484,108386
PKE,04/01/2019,15.94,15.95,15.62,15.72,146725
PKE,04/02/2019,15.79,15.865,15.69,15.85,79387
PKE,04/03/2019,15.92,16.1,15.69,15.9,97853
PKE,04/04/2019,15.85,16.04,15.78,15.96,71672
PKE,04/05/2019,15.97,16.01,15.92,15.94,62166
PKE,04/08/2019,15.88,15.95,15.835,15.86,78440
PKE,04/09/2019,15.67,15.94,15.66,15.78,94476
PKE,04/10/2019,15.95,16.03,15.65,15.72,105675
PKE,04/11/2019,15.99,16.06,15.92,15.98,48365
PKE,04/12/2019,16.09,16.17,15.88,16.02,96845
PKE,4/15/2019,16.1,16.11,15.96,16.08,29420
PKE,4/16/2019,16.14,16.39,16.08,16.12,99352
PKE,4/17/2019,16.29,16.32,16.09,16.28,82433
PKE,4/18/2019,16.24,16.36,16.15,16.25,55203
PKE,4/22/2019,16.27,16.29,16.08,16.19,78028
PKE,4/23/2019,16.62,16.7,16.295,16.35,86094
PKE,4/24/2019,16.8,16.9,16.505,16.62,100313
PKE,4/25/2019,16.4,16.78,16.25,16.78,39262
PKE,4/26/2019,16.51,16.53,16.29,16.4,42476
PKE,4/29/2019,16.59,16.71,16.37,16.53,56273
PKE,4/30/2019,16.45,16.62,16.39,16.56,78021
PKE,05/01/2019,16.35,16.6,16.34,16.54,151235
PKE,05/02/2019,16.46,16.56,16.28,16.4,81426
PKE,05/03/2019,16.69,16.77,16.46,16.46,76142
PKE,05/06/2019,16.44,16.74,16.3,16.56,71804
PKE,05/07/2019,16.16,16.4638,16.05,16.26,83823
PKE,05/08/2019,16.21,16.311,16.08,16.16,128209
PKE,05/09/2019,16.28,16.44,16.04,16.13,101613
PKE,05/10/2019,16.26,16.3,16.05,16.26,114670
PKE,5/13/2019,15.88,16.08,15.86,16.05,109999
PKE,5/14/2019,15.84,15.89,15.76,15.89,93872
PKE,5/15/2019,15.81,15.885,15.68,15.78,59677
ITRN,3/15/2019,33.8943,34.7087,33.5765,34.2717,86275
ITRN,3/18/2019,34.2618,34.5796,33.8943,33.9638,61841
ITRN,3/19/2019,34.4505,34.5299,34.093,34.2816,21138
ITRN,3/20/2019,33.805,34.7484,33.6759,34.1426,15854
ITRN,3/21/2019,33.7255,34.2518,33.6461,33.805,33174
ITRN,3/22/2019,33.08,33.6659,33.0005,33.6659,66166
ITRN,3/25/2019,33.79,33.8,33.03,33.16,120320
ITRN,3/26/2019,34.56,34.56,33.5,33.8,68974
ITRN,3/27/2019,34.56,35.1182,34.06,34.46,64541
ITRN,3/28/2019,34.23,35.01,34.18,34.56,65337
ITRN,3/29/2019,34.15,34.66,33.87,34.56,15031
ITRN,04/01/2019,35.27,35.58,33.9,34.44,128542
ITRN,04/02/2019,34.72,35.38,34.62,35.38,18277
ITRN,04/03/2019,35.46,35.55,34.6,34.79,64490
ITRN,04/04/2019,35.37,36.13,35.05,35.46,23849
ITRN,04/05/2019,35.08,35.45,34.995,35.38,24495
ITRN,04/08/2019,35.96,36.1,35.09,35.09,14122
ITRN,04/09/2019,36.23,36.39,35.71,35.71,20431
ITRN,04/10/2019,36.46,36.81,36.23,36.28,19282
ITRN,04/11/2019,36.69,36.85,36.46,36.52,11727
ITRN,04/12/2019,36.5,36.93,36.36,36.85,5925
ITRN,4/15/2019,36.2,36.5499,36.02,36.5,24679
ITRN,4/16/2019,36.77,36.9,36.22,36.33,61872
ITRN,4/17/2019,36.93,36.93,36.4,36.87,28067
ITRN,4/18/2019,36.94,37.21,36.6315,36.84,68888
ITRN,4/22/2019,36.8,37.32,36.58,36.86,44093
ITRN,4/23/2019,36.83,37,36.53,36.84,18563
ITRN,4/24/2019,36.81,36.99,36.65,36.76,20527
ITRN,4/25/2019,36.4,36.76,35.8,36.76,25741
ITRN,4/26/2019,36.51,36.55,36.24,36.42,12155
ITRN,4/29/2019,36.92,37.055,36.5,36.5,20493
ITRN,4/30/2019,36.77,37,36.4,36.99,29680
ITRN,05/01/2019,36.2,36.93,36.2,36.68,36150
ITRN,05/02/2019,35.21,36.4686,35.17,36.45,18362
ITRN,05/03/2019,35.05,35.508,34.77,35.41,13026
ITRN,05/06/2019,34.72,34.9634,34.05,34.54,42593
ITRN,05/07/2019,33.88,34.99,33.79,34.57,27558
ITRN,05/08/2019,33.36,34.05,33.08,33.88,26007
ITRN,05/09/2019,32.42,32.92,32.29,32.92,36088
ITRN,05/10/2019,32.47,32.55,31.81,32.5,29471
ITRN,5/13/2019,32.38,32.57,31.74,31.74,19684
ITRN,5/14/2019,32.9,33.05,32.06,32.38,32553
ITRN,5/15/2019,32.68,32.83,32.34,32.65,18679
RNWK,3/15/2019,3.36,3.38,3.28,3.32,37468
RNWK,3/18/2019,3.23,3.31,3.23,3.2599,6177
RNWK,3/19/2019,3.16,3.23,3.0954,3.1303,14332
RNWK,3/20/2019,3.1,3.185,3.075,3.15,13194
RNWK,3/21/2019,3.18,3.33,3.15,3.165,6483
RNWK,3/22/2019,3.12,3.206,3.07,3.206,2181
RNWK,3/25/2019,3.01,3.2242,2.97,3.09,32027
RNWK,3/26/2019,2.96,3.1336,2.92,3.015,45537
RNWK,3/27/2019,2.885,3.09,2.84,3,14184
RNWK,3/28/2019,2.99,2.99,2.88,2.88,68495
RNWK,3/29/2019,3.11,3.29,3,3,33913
RNWK,04/01/2019,3.15,3.2,3.05,3.11,44006
RNWK,04/02/2019,3.23,3.24,3.115,3.15,13389
RNWK,04/03/2019,3.2,3.3,3.1344,3.23,22789
RNWK,04/04/2019,3.13,3.21,3.11,3.2,86136
RNWK,04/05/2019,2.95,3.18,2.95,3.13,9282
RNWK,04/08/2019,3.01,3.02,2.93,2.95,15996
RNWK,04/09/2019,2.77,2.9511,2.6966,2.9511,66954
RNWK,04/10/2019,2.84,2.87,2.79,2.79,5720
RNWK,04/11/2019,2.85,2.87,2.67,2.7486,13024
RNWK,04/12/2019,2.87,2.87,2.76,2.76,2190
RNWK,4/15/2019,2.86,2.87,2.63,2.86,4615
RNWK,4/16/2019,2.87,2.87,2.84,2.87,2347
RNWK,4/17/2019,2.69,2.72,2.47,2.72,29242
RNWK,4/18/2019,2.67,2.7,2.665,2.7,4306
RNWK,4/22/2019,2.67,2.7,2.6108,2.7,7704
RNWK,4/23/2019,2.68,2.69,2.62,2.66,8487
RNWK,4/24/2019,2.66,2.6821,2.64,2.66,4911
RNWK,4/25/2019,2.67,2.69,2.65,2.66,10120
RNWK,4/26/2019,2.59,2.67,2.5,2.67,18236
RNWK,4/29/2019,2.51,2.6,2.5,2.59,329215
RNWK,4/30/2019,2.6,2.63,2.5,2.5,28750
RNWK,05/01/2019,2.51,2.63,2.51,2.6169,55893
RNWK,05/02/2019,2.45,2.53,2.4,2.5,23442
RNWK,05/03/2019,2.33,2.49,2.32,2.49,75127
RNWK,05/06/2019,2.24,2.33,2.22,2.33,74061
RNWK,05/07/2019,2.28,2.28,2.25,2.25,16300
RNWK,05/08/2019,2.262,2.28,2.25,2.28,17590
RNWK,05/09/2019,2.24,2.27,2.23,2.26,10760
RNWK,05/10/2019,2.19,2.2436,2.155,2.24,15952
RNWK,5/13/2019,2.1,2.13,2.01,2.1053,22727
RNWK,5/14/2019,2.09,2.15,2.075,2.1,61318
RNWK,5/15/2019,2.01,2.18,2,2.07,58731
